time;latitude;longitude;depth;magType;nst;gap;dmin;rms;net;id;updated;place;type;horizontalError;depthError;magError;magNst;status;locationSource;magSource
;-9.117083;-78.682222;;;;;;;;;;;;;;;;;;
;-9.101806;-78.702778;;;;;;;;;;;;;;;;;;
;-9.096806;-78.690278;;;;;;;;;;;;;;;;;;
;-9.102361;-78.704444;;;;;;;;;;;;;;;;;;
;-9.074583;-78.734722;;;;;;;;;;;;;;;;;;
;-9.135972;-78.7025;;;;;;;;;;;;;;;;;;
;-9.120417;-78.686111;;;;;;;;;;;;;;;;;;
;-9.151806;-78.6875;;;;;;;;;;;;;;;;;;
;-8.961806;-78.7975;;;;;;;;;;;;;;;;;;
;-8.900417;-78.793056;;;;;;;;;;;;;;;;;;
;-8.813472;-78.8375;;;;;;;;;;;;;;;;;;
;-8.937361;-78.794722;;;;;;;;;;;;;;;;;;
;-8.932083;-78.7725;;;;;;;;;;;;;;;;;;
;-9.14375;-78.683611;;;;;;;;;;;;;;;;;;
;-9.147083;-78.695278;;;;;;;;;;;;;;;;;;
;-9.040417;-78.807778;;;;;;;;;;;;;;;;;;
;-4.98875;-81.169722;;;;;;;;;;;;;;;;;;
;-4.984306;-81.168333;;;;;;;;;;;;;;;;;;
;-4.953194;-81.213611;;;;;;;;;;;;;;;;;;
;-4.971806;-81.214444;;;;;;;;;;;;;;;;;;
;-4.952361;-81.197778;;;;;;;;;;;;;;;;;;
;-5.002083;-81.170833;;;;;;;;;;;;;;;;;;
;-4.92875;-81.208889;;;;;;;;;;;;;;;;;;
;-4.970972;-81.174167;;;;;;;;;;;;;;;;;;
;-5.01875;-81.18;;;;;;;;;;;;;;;;;;
;-4.984861;-81.173889;;;;;;;;;;;;;;;;;;
;-4.994028;-81.163889;;;;;;;;;;;;;;;;;;
;-5.015139;-81.1475;;;;;;;;;;;;;;;;;;
;-5.007917;-81.144167;;;;;;;;;;;;;;;;;;
;-5.00375;-81.213889;;;;;;;;;;;;;;;;;;
;-5.015417;-81.141667;;;;;;;;;;;;;;;;;;
;-9.1243;-78.6791;;;;;;;;;;;;;;;;;;
;-9.1169;-78.6775;;;;;;;;;;;;;;;;;;
;-9.0931;-78.7071;;;;;;;;;;;;;;;;;;
;-9.0842;-78.7224;;;;;;;;;;;;;;;;;;
;-9.1423;-78.698199;;;;;;;;;;;;;;;;;;
;-9.1212;-78.684599;;;;;;;;;;;;;;;;;;
;-9.1274;-78.683499;;;;;;;;;;;;;;;;;;
;-8.9087;-78.7925;;;;;;;;;;;;;;;;;;
;-8.8419;-78.8279;;;;;;;;;;;;;;;;;;
;-8.9329;-78.7627;;;;;;;;;;;;;;;;;;
;-8.9461;-78.776;;;;;;;;;;;;;;;;;;
;-9.1446;-78.7201;;;;;;;;;;;;;;;;;;
;-4.9411;-81.2192;;;;;;;;;;;;;;;;;;
;-4.9623;-81.209799;;;;;;;;;;;;;;;;;;
;-5.0065;-81.142699;;;;;;;;;;;;;;;;;;
;-4.9807;-81.204299;;;;;;;;;;;;;;;;;;
;-4.9885;-81.1788;;;;;;;;;;;;;;;;;;
;-4.974;-81.2205;;;;;;;;;;;;;;;;;;
;-5.0125;-81.1755;;;;;;;;;;;;;;;;;;
;-4.9338;-81.2416;;;;;;;;;;;;;;;;;;
;-4.9775;-81.1832;;;;;;;;;;;;;;;;;;
;-9.0824;-78.6924;;;;;;;;;;;;;;;;;;
;-9.0978;-78.7051;;;;;;;;;;;;;;;;;;
;-9.1138;-78.6943;;;;;;;;;;;;;;;;;;
;-9.0451;-78.739199;;;;;;;;;;;;;;;;;;
;-9.103;-78.718099;;;;;;;;;;;;;;;;;;
;-4.9552;-81.210899;;;;;;;;;;;;;;;;;;
;-4.9792;-81.210699;;;;;;;;;;;;;;;;;;
;-4.9854;-81.1594;;;;;;;;;;;;;;;;;;
;-4.9907;-81.1732;;;;;;;;;;;;;;;;;;
;-4.9978;-81.162699;;;;;;;;;;;;;;;;;;
;-5.0172;-81.1639;;;;;;;;;;;;;;;;;;
;-4.9726;-81.1802;;;;;;;;;;;;;;;;;;
;-4.9952;-81.152499;;;;;;;;;;;;;;;;;;
;-4.9408;-81.227899;;;;;;;;;;;;;;;;;;
;-4.97;-81.1836;;;;;;;;;;;;;;;;;;
;-4.9796;-81.170799;;;;;;;;;;;;;;;;;;
;-4.9949;-81.1567;;;;;;;;;;;;;;;;;;
;-4.9335;-81.233;;;;;;;;;;;;;;;;;;
;-4.9999;-81.155199;;;;;;;;;;;;;;;;;;
;-4.9834;-81.188899;;;;;;;;;;;;;;;;;;
;-4.9907;-81.1707;;;;;;;;;;;;;;;;;;
;-4.9662;-81.1809;;;;;;;;;;;;;;;;;;
;-4.962;-81.1721;;;;;;;;;;;;;;;;;;
;-4.9813;-81.159299;;;;;;;;;;;;;;;;;;
;-5.0207;-81.1519;;;;;;;;;;;;;;;;;;
;-4.9447;-81.205899;;;;;;;;;;;;;;;;;;
;-4.994;-81.162699;;;;;;;;;;;;;;;;;;
;-4.9246;-81.2441;;;;;;;;;;;;;;;;;;
;-4.9699;-81.209499;;;;;;;;;;;;;;;;;;
;-4.973;-81.1739;;;;;;;;;;;;;;;;;;
;-4.9983;-81.163099;;;;;;;;;;;;;;;;;;
;-4.993;-81.1664;;;;;;;;;;;;;;;;;;
;-4.9893;-81.159299;;;;;;;;;;;;;;;;;;
;-4.9927;-81.162199;;;;;;;;;;;;;;;;;;
;-4.9972;-81.184199;;;;;;;;;;;;;;;;;;
;-5.0001;-81.1469;;;;;;;;;;;;;;;;;;
;-4.9344;-81.216799;;;;;;;;;;;;;;;;;;
;-4.9578;-81.189799;;;;;;;;;;;;;;;;;;
;-4.9718;-81.178499;;;;;;;;;;;;;;;;;;
;-4.9595;-81.197;;;;;;;;;;;;;;;;;;
;-5.007;-81.1872;;;;;;;;;;;;;;;;;;
;-4.9884;-81.1777;;;;;;;;;;;;;;;;;;
;-5.0023;-81.203399;;;;;;;;;;;;;;;;;;
;-5.0032;-81.1831;;;;;;;;;;;;;;;;;;
;-5.0051;-81.1626;;;;;;;;;;;;;;;;;;
;-5.0194;-81.218799;;;;;;;;;;;;;;;;;;
;-5.0019;-81.2241;;;;;;;;;;;;;;;;;;
;-4.9997;-81.1911;;;;;;;;;;;;;;;;;;
;-4.9908;-81.2148;;;;;;;;;;;;;;;;;;
;-4.9861;-81.1651;;;;;;;;;;;;;;;;;;
;-4.962;-81.2031;;;;;;;;;;;;;;;;;;
;-9.085694;-78.688056;;;;;;;;;;;;;;;;;;
;-9.008472;-78.731111;;;;;;;;;;;;;;;;;;
;-9.064306;-78.735556;;;;;;;;;;;;;;;;;;
;-9.083472;-78.689722;;;;;;;;;;;;;;;;;;
;-9.120972;-78.683333;;;;;;;;;;;;;;;;;;
;-9.164583;-78.672222;;;;;;;;;;;;;;;;;;
;-8.938472;-78.800278;;;;;;;;;;;;;;;;;;
;-8.835972;-78.830556;;;;;;;;;;;;;;;;;;
;-8.949028;-78.761667;;;;;;;;;;;;;;;;;;
;-9.146806;-78.678889;;;;;;;;;;;;;;;;;;
;-9.202639;-78.672778;;;;;;;;;;;;;;;;;;
;-9.225694;-78.675;;;;;;;;;;;;;;;;;;
;-9.146528;-78.718889;;;;;;;;;;;;;;;;;;
;-9.100694;-78.758889;;;;;;;;;;;;;;;;;;
;-5.641528;-80.949167;;;;;;;;;;;;;;;;;;
;-5.695972;-80.936111;;;;;;;;;;;;;;;;;;
;-5.689306;-80.947778;;;;;;;;;;;;;;;;;;
;-5.731806;-80.967778;;;;;;;;;;;;;;;;;;
;-5.734583;-80.954444;;;;;;;;;;;;;;;;;;
;-5.682917;-80.971111;;;;;;;;;;;;;;;;;;
;-5.721528;-80.944722;;;;;;;;;;;;;;;;;;
;-5.702917;-80.936389;;;;;;;;;;;;;;;;;;
;-12.096;-77.274099;;;;;;;;;;;;;;;;;;
;-12.0616;-77.299399;;;;;;;;;;;;;;;;;;
;-12.1146;-77.330899;;;;;;;;;;;;;;;;;;
;-12.0872;-77.2961;;;;;;;;;;;;;;;;;;
;-12.0815;-77.2774;;;;;;;;;;;;;;;;;;
;-11.9989;-77.3399;;;;;;;;;;;;;;;;;;
;-12.0259;-77.258199;;;;;;;;;;;;;;;;;;
;-12.4674;-76.867;;;;;;;;;;;;;;;;;;
;-12.4427;-76.865099;;;;;;;;;;;;;;;;;;
;-12.3087;-76.957499;;;;;;;;;;;;;;;;;;
;-11.9966;-77.3016;;;;;;;;;;;;;;;;;;
;-11.9954;-77.3041;;;;;;;;;;;;;;;;;;
;-12.4094;-76.8582;;;;;;;;;;;;;;;;;;
;-12.4541;-76.8623;;;;;;;;;;;;;;;;;;
;-12.4832;-76.867799;;;;;;;;;;;;;;;;;;
;-12.2884;-77.0597;;;;;;;;;;;;;;;;;;
;-12.2897;-77.07;;;;;;;;;;;;;;;;;;
;-12.2835;-77.1161;;;;;;;;;;;;;;;;;;
;-12.2452;-77.1311;;;;;;;;;;;;;;;;;;
;-12.2697;-77.1102;;;;;;;;;;;;;;;;;;
;-11.9568;-77.212899;;;;;;;;;;;;;;;;;;
;-11.8045;-77.3408;;;;;;;;;;;;;;;;;;
;-11.8644;-77.3012;;;;;;;;;;;;;;;;;;
;-11.691;-77.270899;;;;;;;;;;;;;;;;;;
;-11.6555;-77.3059;;;;;;;;;;;;;;;;;;
;-11.6675;-77.336599;;;;;;;;;;;;;;;;;;
;-9.100972;-78.695556;;;;;;;;;;;;;;;;;;
;-8.925417;-78.793889;;;;;;;;;;;;;;;;;;
;-8.839028;-78.829167;;;;;;;;;;;;;;;;;;
;-8.94875;-78.785833;;;;;;;;;;;;;;;;;;
;-9.11875;-78.690556;;;;;;;;;;;;;;;;;;
;-9.165139;-78.671111;;;;;;;;;;;;;;;;;;
;-9.204028;-78.6775;;;;;;;;;;;;;;;;;;
;-9.127083;-78.68;;;;;;;;;;;;;;;;;;
;-9.109028;-78.685;;;;;;;;;;;;;;;;;;
;-9.090417;-78.709444;;;;;;;;;;;;;;;;;;
;-9.041806;-78.741389;;;;;;;;;;;;;;;;;;
;-9.094583;-78.726111;;;;;;;;;;;;;;;;;;
;-9.130972;-78.705278;;;;;;;;;;;;;;;;;;
;-9.123194;-78.685278;;;;;;;;;;;;;;;;;;
;-9.144028;-78.686389;;;;;;;;;;;;;;;;;;
;-8.913194;-78.791389;;;;;;;;;;;;;;;;;;
;-8.947639;-78.768056;;;;;;;;;;;;;;;;;;
;-9.147083;-78.7;;;;;;;;;;;;;;;;;;
;-9.176528;-78.691944;;;;;;;;;;;;;;;;;;
;-9.20875;-78.673889;;;;;;;;;;;;;;;;;;
;-9.218472;-78.658333;;;;;;;;;;;;;;;;;;
;-9.117639;-78.74;;;;;;;;;;;;;;;;;;
;-12.1081;-77.269299;;;;;;;;;;;;;;;;;;
;-12.0429;-77.296699;;;;;;;;;;;;;;;;;;
;-12.0479;-77.3406;;;;;;;;;;;;;;;;;;
;-12.1119;-77.3258;;;;;;;;;;;;;;;;;;
;-12.0878;-77.3082;;;;;;;;;;;;;;;;;;
;-11.9838;-77.3394;;;;;;;;;;;;;;;;;;
;-12.0481;-77.2703;;;;;;;;;;;;;;;;;;
;-12.4463;-76.8598;;;;;;;;;;;;;;;;;;
;-12.4114;-76.9504;;;;;;;;;;;;;;;;;;
;-9.104306;-78.693611;;;;;;;;;;;;;;;;;;
;-9.050139;-78.738333;;;;;;;;;;;;;;;;;;
;-9.123472;-78.706667;;;;;;;;;;;;;;;;;;
;-4.995972;-81.170556;;;;;;;;;;;;;;;;;;
;-4.919861;-81.2375;;;;;;;;;;;;;;;;;;
;-4.987083;-81.189444;;;;;;;;;;;;;;;;;;
;-4.959583;-81.198056;;;;;;;;;;;;;;;;;;
;-4.942083;-81.190833;;;;;;;;;;;;;;;;;;
;-4.92625;-81.241111;;;;;;;;;;;;;;;;;;
;-4.997917;-81.148611;;;;;;;;;;;;;;;;;;
;-4.999306;-81.1675;;;;;;;;;;;;;;;;;;
;-4.935694;-81.227778;;;;;;;;;;;;;;;;;;
;-4.95625;-81.21;;;;;;;;;;;;;;;;;;
;-4.974028;-81.170833;;;;;;;;;;;;;;;;;;
;-4.999028;-81.164167;;;;;;;;;;;;;;;;;;
;-4.989028;-81.174444;;;;;;;;;;;;;;;;;;
;-4.976528;-81.174444;;;;;;;;;;;;;;;;;;
;-5.002083;-81.163056;;;;;;;;;;;;;;;;;;
;-4.994306;-81.183056;;;;;;;;;;;;;;;;;;
;-4.991806;-81.176389;;;;;;;;;;;;;;;;;;
;-4.955694;-81.214444;;;;;;;;;;;;;;;;;;
;-4.929861;-81.263889;;;;;;;;;;;;;;;;;;
;-4.99125;-81.2075;;;;;;;;;;;;;;;;;;
;-4.996806;-81.158611;;;;;;;;;;;;;;;;;;
;-4.992917;-81.198611;;;;;;;;;;;;;;;;;;
;-5.015139;-81.159722;;;;;;;;;;;;;;;;;;
;-13.43125;-76.250278;;;;;;;;;;;;;;;;;;
;-13.43125;-76.250556;;;;;;;;;;;;;;;;;;
;-13.632639;-76.3275;;;;;;;;;;;;;;;;;;
;-13.680694;-76.353611;;;;;;;;;;;;;;;;;;
;-4.9732;-81.202;;;;;;;;;;;;;;;;;;
;-5.0023;-81.1687;;;;;;;;;;;;;;;;;;
;-5.0029;-81.161099;;;;;;;;;;;;;;;;;;
;-4.9914;-81.207;;;;;;;;;;;;;;;;;;
;-5.0173;-81.166699;;;;;;;;;;;;;;;;;;
;-4.9362;-81.230399;;;;;;;;;;;;;;;;;;
;-4.9355;-81.211099;;;;;;;;;;;;;;;;;;
;-4.9829;-81.190699;;;;;;;;;;;;;;;;;;
;-4.9417;-81.203199;;;;;;;;;;;;;;;;;;
;-4.9406;-81.213;;;;;;;;;;;;;;;;;;
;-4.9716;-81.1671;;;;;;;;;;;;;;;;;;
;-4.932083;-81.235833;;;;;;;;;;;;;;;;;;
;-4.952083;-81.219444;;;;;;;;;;;;;;;;;;
;-4.98375;-81.193889;;;;;;;;;;;;;;;;;;
;-4.995694;-81.164722;;;;;;;;;;;;;;;;;;
;-4.97625;-81.181944;;;;;;;;;;;;;;;;;;
;-4.967917;-81.2125;;;;;;;;;;;;;;;;;;
;-4.986528;-81.181944;;;;;;;;;;;;;;;;;;
;-4.989583;-81.204444;;;;;;;;;;;;;;;;;;
;-4.987639;-81.175278;;;;;;;;;;;;;;;;;;
;-5.015972;-81.152222;;;;;;;;;;;;;;;;;;
;-4.937361;-81.228056;;;;;;;;;;;;;;;;;;
;-4.97625;-81.174167;;;;;;;;;;;;;;;;;;
;-4.917917;-81.244444;;;;;;;;;;;;;;;;;;
;-5.009306;-81.1475;;;;;;;;;;;;;;;;;;
;-4.976806;-81.193333;;;;;;;;;;;;;;;;;;
;-4.981806;-81.17;;;;;;;;;;;;;;;;;;
;-4.937639;-81.215556;;;;;;;;;;;;;;;;;;
;-4.944861;-81.190278;;;;;;;;;;;;;;;;;;
;-4.967917;-81.163333;;;;;;;;;;;;;;;;;;
;-5.012083;-81.180556;;;;;;;;;;;;;;;;;;
;-4.980972;-81.209167;;;;;;;;;;;;;;;;;;
;-4.977361;-81.1725;;;;;;;;;;;;;;;;;;
;-4.992639;-81.166667;;;;;;;;;;;;;;;;;;
;-5.000694;-81.176111;;;;;;;;;;;;;;;;;;
;-5.003194;-81.148611;;;;;;;;;;;;;;;;;;
;-4.945417;-81.212222;;;;;;;;;;;;;;;;;;
;-5.009583;-81.153056;;;;;;;;;;;;;;;;;;
;-4.98375;-81.176667;;;;;;;;;;;;;;;;;;
;-4.99875;-81.167778;;;;;;;;;;;;;;;;;;
;-5.012639;-81.127222;;;;;;;;;;;;;;;;;;
;-5.000417;-81.154444;;;;;;;;;;;;;;;;;;
;-4.970694;-81.236111;;;;;;;;;;;;;;;;;;
;-4.957361;-81.197778;;;;;;;;;;;;;;;;;;
;-4.992917;-81.195833;;;;;;;;;;;;;;;;;;
;-4.978472;-81.153333;;;;;;;;;;;;;;;;;;
;-4.969306;-81.236667;;;;;;;;;;;;;;;;;;
;-4.957917;-81.211111;;;;;;;;;;;;;;;;;;
;-4.980139;-81.208889;;;;;;;;;;;;;;;;;;
;-4.987361;-81.212778;;;;;;;;;;;;;;;;;;
;-4.995972;-81.173611;;;;;;;;;;;;;;;;;;
;-4.984306;-81.195;;;;;;;;;;;;;;;;;;
;-4.983472;-81.186944;;;;;;;;;;;;;;;;;;
;-4.93875;-81.239722;;;;;;;;;;;;;;;;;;
;-4.922083;-81.236667;;;;;;;;;;;;;;;;;;
;-4.974306;-81.195278;;;;;;;;;;;;;;;;;;
;-4.950972;-81.194722;;;;;;;;;;;;;;;;;;
;-4.969861;-81.189444;;;;;;;;;;;;;;;;;;
;-4.944583;-81.213056;;;;;;;;;;;;;;;;;;
;-4.95875;-81.176389;;;;;;;;;;;;;;;;;;
;-4.980139;-81.154722;;;;;;;;;;;;;;;;;;
;-4.935694;-81.213611;;;;;;;;;;;;;;;;;;
;-4.936528;-81.211111;;;;;;;;;;;;;;;;;;
;-4.972917;-81.166944;;;;;;;;;;;;;;;;;;
;-4.971806;-81.204722;;;;;;;;;;;;;;;;;;
;-4.965972;-81.2125;;;;;;;;;;;;;;;;;;
;-4.976528;-81.180833;;;;;;;;;;;;;;;;;;
;-4.997361;-81.175;;;;;;;;;;;;;;;;;;
;-4.999583;-81.176944;;;;;;;;;;;;;;;;;;
;-4.995694;-81.163056;;;;;;;;;;;;;;;;;;
;-4.944028;-81.211667;;;;;;;;;;;;;;;;;;
;-4.955417;-81.230833;;;;;;;;;;;;;;;;;;
;-4.982083;-81.217778;;;;;;;;;;;;;;;;;;
;-5.002083;-81.1575;;;;;;;;;;;;;;;;;;
;-4.930417;-81.234444;;;;;;;;;;;;;;;;;;
;-4.950417;-81.196944;;;;;;;;;;;;;;;;;;
;-5.003472;-81.146389;;;;;;;;;;;;;;;;;;
;-5.003472;-81.147778;;;;;;;;;;;;;;;;;;
;-4.976528;-81.178889;;;;;;;;;;;;;;;;;;
;-4.934583;-81.210278;;;;;;;;;;;;;;;;;;
;-4.993472;-81.195278;;;;;;;;;;;;;;;;;;
;-4.998194;-81.178889;;;;;;;;;;;;;;;;;;
;-4.99875;-81.2075;;;;;;;;;;;;;;;;;;
;-4.986528;-81.157222;;;;;;;;;;;;;;;;;;
;-4.986528;-81.199722;;;;;;;;;;;;;;;;;;
;-4.929306;-81.241389;;;;;;;;;;;;;;;;;;
;-5.000972;-81.203333;;;;;;;;;;;;;;;;;;
;-4.957361;-81.209722;;;;;;;;;;;;;;;;;;
;-4.98625;-81.164722;;;;;;;;;;;;;;;;;;
;-4.958194;-81.216944;;;;;;;;;;;;;;;;;;
;-4.928194;-81.2275;;;;;;;;;;;;;;;;;;
;-4.910972;-81.255556;;;;;;;;;;;;;;;;;;
;-4.959306;-81.166111;;;;;;;;;;;;;;;;;;
;-5.014583;-81.161667;;;;;;;;;;;;;;;;;;
;-4.999306;-81.163056;;;;;;;;;;;;;;;;;;
;-5.001806;-81.148333;;;;;;;;;;;;;;;;;;
;-4.933194;-81.223611;;;;;;;;;;;;;;;;;;
;-4.917361;-81.250556;;;;;;;;;;;;;;;;;;
;-4.979306;-81.208056;;;;;;;;;;;;;;;;;;
;-4.97875;-81.179722;;;;;;;;;;;;;;;;;;
;-4.999306;-81.168611;;;;;;;;;;;;;;;;;;
;-4.957083;-81.221667;;;;;;;;;;;;;;;;;;
;-4.933194;-81.238056;;;;;;;;;;;;;;;;;;
;-4.959861;-81.188611;;;;;;;;;;;;;;;;;;
;-5.006806;-81.174722;;;;;;;;;;;;;;;;;;
;-4.996806;-81.155556;;;;;;;;;;;;;;;;;;
;-5.005694;-81.155278;;;;;;;;;;;;;;;;;;
;-4.936806;-81.248611;;;;;;;;;;;;;;;;;;
;-4.99875;-81.202222;;;;;;;;;;;;;;;;;;
;-4.992083;-81.166111;;;;;;;;;;;;;;;;;;
;-5.013194;-81.218333;;;;;;;;;;;;;;;;;;
;-4.997361;-81.163889;;;;;;;;;;;;;;;;;;
;-4.995694;-81.215278;;;;;;;;;;;;;;;;;;
;-4.993472;-81.173333;;;;;;;;;;;;;;;;;;
;-4.959861;-81.244167;;;;;;;;;;;;;;;;;;
;-4.975139;-81.188611;;;;;;;;;;;;;;;;;;
;-4.948194;-81.205278;;;;;;;;;;;;;;;;;;
;-9.087917;-78.689722;;;;;;;;;;;;;;;;;;
;-9.134306;-78.683889;;;;;;;;;;;;;;;;;;
;-9.117361;-78.693333;;;;;;;;;;;;;;;;;;
;-9.115139;-78.689167;;;;;;;;;;;;;;;;;;
;-9.09625;-78.698056;;;;;;;;;;;;;;;;;;
;-9.079028;-78.728056;;;;;;;;;;;;;;;;;;
;-9.116528;-78.700833;;;;;;;;;;;;;;;;;;
;-9.132083;-78.683889;;;;;;;;;;;;;;;;;;
;-9.155417;-78.683056;;;;;;;;;;;;;;;;;;
;-8.960139;-78.791111;;;;;;;;;;;;;;;;;;
;-9.121528;-78.68;;;;;;;;;;;;;;;;;;
;-9.102361;-78.706111;;;;;;;;;;;;;;;;;;
;-9.098194;-78.700833;;;;;;;;;;;;;;;;;;
;-9.128472;-78.681111;;;;;;;;;;;;;;;;;;
;-9.152361;-78.682778;;;;;;;;;;;;;;;;;;
;-8.897639;-78.79;;;;;;;;;;;;;;;;;;
;-8.825417;-78.83;;;;;;;;;;;;;;;;;;
;-8.896806;-78.809167;;;;;;;;;;;;;;;;;;
;-8.929861;-78.766111;;;;;;;;;;;;;;;;;;
;-8.949028;-78.793611;;;;;;;;;;;;;;;;;;
;-9.119306;-78.699722;;;;;;;;;;;;;;;;;;
;-9.140139;-78.702222;;;;;;;;;;;;;;;;;;
;-9.137639;-78.704722;;;;;;;;;;;;;;;;;;
;-9.095139;-78.701944;;;;;;;;;;;;;;;;;;
;-9.10625;-78.693333;;;;;;;;;;;;;;;;;;
;-9.083472;-78.729167;;;;;;;;;;;;;;;;;;
;-9.127917;-78.6875;;;;;;;;;;;;;;;;;;
;-9.142083;-78.682778;;;;;;;;;;;;;;;;;;
;-9.147083;-78.685;;;;;;;;;;;;;;;;;;
;-8.933194;-78.793889;;;;;;;;;;;;;;;;;;
;-8.831528;-78.8275;;;;;;;;;;;;;;;;;;
;-8.934583;-78.8;;;;;;;;;;;;;;;;;;
;-9.130972;-78.681944;;;;;;;;;;;;;;;;;;
;-9.142639;-78.691667;;;;;;;;;;;;;;;;;;
;-9.179583;-78.689722;;;;;;;;;;;;;;;;;;
;-9.086528;-78.692222;;;;;;;;;;;;;;;;;;
;-9.097917;-78.697778;;;;;;;;;;;;;;;;;;
;-9.070972;-78.734722;;;;;;;;;;;;;;;;;;
;-9.127361;-78.705;;;;;;;;;;;;;;;;;;
;-8.914028;-78.7925;;;;;;;;;;;;;;;;;;
;-8.900417;-78.8125;;;;;;;;;;;;;;;;;;
;-8.924306;-78.768056;;;;;;;;;;;;;;;;;;
;-8.940972;-78.788056;;;;;;;;;;;;;;;;;;
;-13.634306;-76.321944;;;;;;;;;;;;;;;;;;
;-13.680694;-76.351667;;;;;;;;;;;;;;;;;;
;-13.557361;-76.335278;;;;;;;;;;;;;;;;;;
;-13.722361;-76.335278;;;;;;;;;;;;;;;;;;
;-13.704306;-76.315833;;;;;;;;;;;;;;;;;;
;-13.693194;-76.2975;;;;;;;;;;;;;;;;;;
;-13.686528;-76.374167;;;;;;;;;;;;;;;;;;
;-13.599028;-76.315833;;;;;;;;;;;;;;;;;;
;-13.57125;-76.323611;;;;;;;;;;;;;;;;;;
;-13.554028;-76.315833;;;;;;;;;;;;;;;;;;
;-13.630139;-76.246667;;;;;;;;;;;;;;;;;;
;-13.685972;-76.291944;;;;;;;;;;;;;;;;;;
;-13.714028;-76.315;;;;;;;;;;;;;;;;;;
;-13.67625;-76.360556;;;;;;;;;;;;;;;;;;
;-13.680139;-76.376111;;;;;;;;;;;;;;;;;;
;-13.687361;-76.340556;;;;;;;;;;;;;;;;;;
;-13.69375;-76.346667;;;;;;;;;;;;;;;;;;
;-9.0769;-78.696399;;;;;;;;;;;;;;;;;;
;-9.1001;-78.698399;;;;;;;;;;;;;;;;;;
;-9.1082;-78.6854;;;;;;;;;;;;;;;;;;
;-9.0782;-78.7276;;;;;;;;;;;;;;;;;;
;-9.0823;-78.7149;;;;;;;;;;;;;;;;;;
;-9.1293;-78.678099;;;;;;;;;;;;;;;;;;
;-9.1395;-78.6823;;;;;;;;;;;;;;;;;;
;-9.1265;-78.6902;;;;;;;;;;;;;;;;;;
;-8.9419;-78.7948;;;;;;;;;;;;;;;;;;
;-8.9244;-78.7613;;;;;;;;;;;;;;;;;;
;-8.9605;-78.7735;;;;;;;;;;;;;;;;;;
;-9.1547;-78.6695;;;;;;;;;;;;;;;;;;
;-9.1647;-78.6943;;;;;;;;;;;;;;;;;;
;-9.2247;-78.667199;;;;;;;;;;;;;;;;;;
;-9.1299;-78.721299;;;;;;;;;;;;;;;;;;
;-9.1046;-78.7638;;;;;;;;;;;;;;;;;;
;-4.9599;-81.2094;;;;;;;;;;;;;;;;;;
;-4.9835;-81.194099;;;;;;;;;;;;;;;;;;
;-5.0046;-81.161099;;;;;;;;;;;;;;;;;;
;-4.968;-81.1714;;;;;;;;;;;;;;;;;;
;-4.9951;-81.157199;;;;;;;;;;;;;;;;;;
;-4.9378;-81.2395;;;;;;;;;;;;;;;;;;
;-4.9553;-81.194599;;;;;;;;;;;;;;;;;;
;-4.9855;-81.151299;;;;;;;;;;;;;;;;;;
;-4.9501;-81.213399;;;;;;;;;;;;;;;;;;
;-4.9752;-81.1773;;;;;;;;;;;;;;;;;;
;-4.9967;-81.162699;;;;;;;;;;;;;;;;;;
;-4.9829;-81.1664;;;;;;;;;;;;;;;;;;
;-5.0065;-81.1571;;;;;;;;;;;;;;;;;;
;-4.9623;-81.182799;;;;;;;;;;;;;;;;;;
;-5.0145;-81.190099;;;;;;;;;;;;;;;;;;
;-5.009;-81.2157;;;;;;;;;;;;;;;;;;
;-4.9925;-81.177599;;;;;;;;;;;;;;;;;;
;-4.9818;-81.200899;;;;;;;;;;;;;;;;;;
;-9.120694;-78.676111;;;;;;;;;;;;;;;;;;
;-9.078194;-78.725833;;;;;;;;;;;;;;;;;;
;-8.977361;-78.722778;;;;;;;;;;;;;;;;;;
;-9.100694;-78.703611;;;;;;;;;;;;;;;;;;
;-9.079861;-78.713056;;;;;;;;;;;;;;;;;;
;-9.086528;-78.713056;;;;;;;;;;;;;;;;;;
;-8.960694;-78.808611;;;;;;;;;;;;;;;;;;
;-8.946806;-78.763889;;;;;;;;;;;;;;;;;;
;-9.14625;-78.682222;;;;;;;;;;;;;;;;;;
;-9.15625;-78.694722;;;;;;;;;;;;;;;;;;
;-11.959028;-77.3175;;;;;;;;;;;;;;;;;;
;-12.001528;-77.329722;;;;;;;;;;;;;;;;;;
;-12.064028;-77.280278;;;;;;;;;;;;;;;;;;
;-12.079028;-77.341944;;;;;;;;;;;;;;;;;;
;-12.111806;-77.328056;;;;;;;;;;;;;;;;;;
;-12.089306;-77.298611;;;;;;;;;;;;;;;;;;
;-12.057083;-77.340556;;;;;;;;;;;;;;;;;;
;-12.39125;-77.0025;;;;;;;;;;;;;;;;;;
;-12.35875;-77.016944;;;;;;;;;;;;;;;;;;
;-12.37875;-76.984722;;;;;;;;;;;;;;;;;;
;-12.321528;-76.969167;;;;;;;;;;;;;;;;;;
;-12.393194;-76.905833;;;;;;;;;;;;;;;;;;
;-12.426528;-76.872222;;;;;;;;;;;;;;;;;;
;-12.321806;-77.013056;;;;;;;;;;;;;;;;;;
;-12.288194;-77.06;;;;;;;;;;;;;;;;;;
;-12.280417;-77.120833;;;;;;;;;;;;;;;;;;
;-12.238194;-77.1175;;;;;;;;;;;;;;;;;;
;-12.262361;-77.121944;;;;;;;;;;;;;;;;;;
;-12.030694;-77.216389;;;;;;;;;;;;;;;;;;
;-12.034306;-77.215556;;;;;;;;;;;;;;;;;;
;-11.793194;-77.342778;;;;;;;;;;;;;;;;;;
;-11.778194;-77.345833;;;;;;;;;;;;;;;;;;
;-11.740694;-77.359167;;;;;;;;;;;;;;;;;;
;-11.664306;-77.323056;;;;;;;;;;;;;;;;;;
;-5.635694;-80.9575;;;;;;;;;;;;;;;;;;
;-5.685417;-80.933889;;;;;;;;;;;;;;;;;;
;-5.690694;-80.945556;;;;;;;;;;;;;;;;;;
;-5.717639;-80.952222;;;;;;;;;;;;;;;;;;
;-5.719583;-80.958056;;;;;;;;;;;;;;;;;;
;-5.702083;-80.938056;;;;;;;;;;;;;;;;;;
;-5.71125;-80.939167;;;;;;;;;;;;;;;;;;
;-5.698194;-80.930833;;;;;;;;;;;;;;;;;;
;-4.975972;-81.170278;;;;;;;;;;;;;;;;;;
;-5.000417;-81.144722;;;;;;;;;;;;;;;;;;
;-4.920417;-81.241667;;;;;;;;;;;;;;;;;;
;-4.991528;-81.168333;;;;;;;;;;;;;;;;;;
;-4.937917;-81.215;;;;;;;;;;;;;;;;;;
;-5.000694;-81.136667;;;;;;;;;;;;;;;;;;
;-4.990972;-81.127778;;;;;;;;;;;;;;;;;;
;-4.982639;-81.162222;;;;;;;;;;;;;;;;;;
;-4.992917;-81.193889;;;;;;;;;;;;;;;;;;
;-4.925972;-81.243333;;;;;;;;;;;;;;;;;;
;-4.942639;-81.222222;;;;;;;;;;;;;;;;;;
;-4.982917;-81.204167;;;;;;;;;;;;;;;;;;
;-5.008194;-81.156667;;;;;;;;;;;;;;;;;;
;-4.979028;-81.218333;;;;;;;;;;;;;;;;;;
;-5.000139;-81.178333;;;;;;;;;;;;;;;;;;
;-4.997639;-81.188056;;;;;;;;;;;;;;;;;;
;-4.937917;-81.238056;;;;;;;;;;;;;;;;;;
;-4.932639;-81.231667;;;;;;;;;;;;;;;;;;
;-5.020694;-81.155833;;;;;;;;;;;;;;;;;;
;-5.004861;-81.161389;;;;;;;;;;;;;;;;;;
;-5.001806;-81.151111;;;;;;;;;;;;;;;;;;
;-4.979861;-81.188889;;;;;;;;;;;;;;;;;;
;-4.944306;-81.191667;;;;;;;;;;;;;;;;;;
;-4.952361;-81.190278;;;;;;;;;;;;;;;;;;
;-4.918472;-81.255833;;;;;;;;;;;;;;;;;;
;-4.967361;-81.193056;;;;;;;;;;;;;;;;;;
;-4.966806;-81.214722;;;;;;;;;;;;;;;;;;
;-4.999028;-81.164722;;;;;;;;;;;;;;;;;;
;-4.98375;-81.158333;;;;;;;;;;;;;;;;;;
;-5.00625;-81.171389;;;;;;;;;;;;;;;;;;
;-4.992917;-81.158056;;;;;;;;;;;;;;;;;;
;-4.994583;-81.159722;;;;;;;;;;;;;;;;;;
;-4.938472;-81.251944;;;;;;;;;;;;;;;;;;
;-4.92625;-81.236111;;;;;;;;;;;;;;;;;;
;-4.943194;-81.217778;;;;;;;;;;;;;;;;;;
;-5.01375;-81.188333;;;;;;;;;;;;;;;;;;
;-5.009306;-81.179167;;;;;;;;;;;;;;;;;;
;-5.000139;-81.200278;;;;;;;;;;;;;;;;;;
;-4.99375;-81.185556;;;;;;;;;;;;;;;;;;
;-5.007917;-81.131667;;;;;;;;;;;;;;;;;;
;-5.005972;-81.188889;;;;;;;;;;;;;;;;;;
;-5.003472;-81.156389;;;;;;;;;;;;;;;;;;
;-4.987917;-81.212222;;;;;;;;;;;;;;;;;;
;-4.964861;-81.203056;;;;;;;;;;;;;;;;;;
;-4.981528;-81.169722;;;;;;;;;;;;;;;;;;
;-4.935694;-81.238889;;;;;;;;;;;;;;;;;;
;-4.991806;-81.197778;;;;;;;;;;;;;;;;;;
;-4.987917;-81.15;;;;;;;;;;;;;;;;;;
;-4.993194;-81.173889;;;;;;;;;;;;;;;;;;
;-4.969028;-81.211667;;;;;;;;;;;;;;;;;;
;-4.953472;-81.199444;;;;;;;;;;;;;;;;;;
;-5.002639;-81.181667;;;;;;;;;;;;;;;;;;
;-5.005417;-81.215556;;;;;;;;;;;;;;;;;;
;-5.000972;-81.166667;;;;;;;;;;;;;;;;;;
;-5.636806;-80.943611;;;;;;;;;;;;;;;;;;
;-5.706528;-80.935556;;;;;;;;;;;;;;;;;;
;-5.694028;-80.943333;;;;;;;;;;;;;;;;;;
;-5.730694;-80.958056;;;;;;;;;;;;;;;;;;
;-5.727639;-80.955833;;;;;;;;;;;;;;;;;;
;-5.729583;-80.953056;;;;;;;;;;;;;;;;;;
;-5.709028;-80.939444;;;;;;;;;;;;;;;;;;
;-5.720972;-80.945278;;;;;;;;;;;;;;;;;;
;-5.695139;-80.939444;;;;;;;;;;;;;;;;;;
;-5.654861;-80.943611;;;;;;;;;;;;;;;;;;
;-5.681806;-80.938889;;;;;;;;;;;;;;;;;;
;-5.728194;-80.964167;;;;;;;;;;;;;;;;;;
;-5.72875;-80.957778;;;;;;;;;;;;;;;;;;
;-5.692917;-80.945833;;;;;;;;;;;;;;;;;;
;-5.694861;-80.941667;;;;;;;;;;;;;;;;;;
;-5.678194;-80.935556;;;;;;;;;;;;;;;;;;
;-5.668472;-80.941389;;;;;;;;;;;;;;;;;;
;-4.9292;-81.237399;;;;;;;;;;;;;;;;;;
;-4.9732;-81.200899;;;;;;;;;;;;;;;;;;
;-4.9873;-81.211099;;;;;;;;;;;;;;;;;;
;-4.9492;-81.2233;;;;;;;;;;;;;;;;;;
;-4.919;-81.241699;;;;;;;;;;;;;;;;;;
;-5.0152;-81.1544;;;;;;;;;;;;;;;;;;
;-4.9992;-81.1607;;;;;;;;;;;;;;;;;;
;-4.9843;-81.173099;;;;;;;;;;;;;;;;;;
;-4.9458;-81.195499;;;;;;;;;;;;;;;;;;
;-4.9276;-81.233;;;;;;;;;;;;;;;;;;
;-4.9424;-81.2149;;;;;;;;;;;;;;;;;;
;-4.9497;-81.2087;;;;;;;;;;;;;;;;;;
;-4.9277;-81.234199;;;;;;;;;;;;;;;;;;
;-4.9675;-81.199099;;;;;;;;;;;;;;;;;;
;-4.9751;-81.1741;;;;;;;;;;;;;;;;;;
;-4.9622;-81.2194;;;;;;;;;;;;;;;;;;
;-4.9989;-81.1725;;;;;;;;;;;;;;;;;;
;-5.0038;-81.154499;;;;;;;;;;;;;;;;;;
;-4.9345;-81.2155;;;;;;;;;;;;;;;;;;
;-4.9523;-81.197099;;;;;;;;;;;;;;;;;;
;-4.9371;-81.2273;;;;;;;;;;;;;;;;;;
;-4.9668;-81.1933;;;;;;;;;;;;;;;;;;
;-4.989;-81.1678;;;;;;;;;;;;;;;;;;
;-4.998;-81.173999;;;;;;;;;;;;;;;;;;
;-5.015;-81.2114;;;;;;;;;;;;;;;;;;
;-4.9846;-81.182;;;;;;;;;;;;;;;;;;
;-4.9965;-81.162699;;;;;;;;;;;;;;;;;;
;-4.9607;-81.2158;;;;;;;;;;;;;;;;;;
;-4.9598;-81.185;;;;;;;;;;;;;;;;;;
;-4.93;-81.2681;;;;;;;;;;;;;;;;;;
;-4.9594;-81.166499;;;;;;;;;;;;;;;;;;
;-4.9355;-81.212499;;;;;;;;;;;;;;;;;;
;-4.9798;-81.2097;;;;;;;;;;;;;;;;;;
;-4.9941;-81.1952;;;;;;;;;;;;;;;;;;
;-5.0097;-81.1693;;;;;;;;;;;;;;;;;;
;-4.958194;-81.216667;;;;;;;;;;;;;;;;;;
;-4.996528;-81.1925;;;;;;;;;;;;;;;;;;
;-4.997083;-81.170278;;;;;;;;;;;;;;;;;;
;-4.985417;-81.216944;;;;;;;;;;;;;;;;;;
;-4.99875;-81.175278;;;;;;;;;;;;;;;;;;
;-4.990694;-81.195278;;;;;;;;;;;;;;;;;;
;-4.935139;-81.235833;;;;;;;;;;;;;;;;;;
;-4.924028;-81.246111;;;;;;;;;;;;;;;;;;
;-4.985694;-81.175833;;;;;;;;;;;;;;;;;;
;-4.949028;-81.196389;;;;;;;;;;;;;;;;;;
;-4.950972;-81.214444;;;;;;;;;;;;;;;;;;
;-4.927361;-81.234722;;;;;;;;;;;;;;;;;;
;-4.974028;-81.168611;;;;;;;;;;;;;;;;;;
;-4.95875;-81.169167;;;;;;;;;;;;;;;;;;
;-5.004861;-81.1575;;;;;;;;;;;;;;;;;;
;-5.005694;-81.181111;;;;;;;;;;;;;;;;;;
;-5.000139;-81.160833;;;;;;;;;;;;;;;;;;
;-4.935417;-81.215;;;;;;;;;;;;;;;;;;
;-4.958472;-81.175278;;;;;;;;;;;;;;;;;;
;-4.962639;-81.193611;;;;;;;;;;;;;;;;;;
;-5.015694;-81.188056;;;;;;;;;;;;;;;;;;
;-5.015694;-81.143333;;;;;;;;;;;;;;;;;;
;-4.993194;-81.1675;;;;;;;;;;;;;;;;;;
;-4.978194;-81.174722;;;;;;;;;;;;;;;;;;
;-4.935972;-81.271389;;;;;;;;;;;;;;;;;;
;-4.975417;-81.156389;;;;;;;;;;;;;;;;;;
;-5.006806;-81.162778;;;;;;;;;;;;;;;;;;
;-5.007083;-81.215278;;;;;;;;;;;;;;;;;;
;-9.08375;-78.688889;;;;;;;;;;;;;;;;;;
;-9.110417;-78.677778;;;;;;;;;;;;;;;;;;
;-9.120417;-78.680556;;;;;;;;;;;;;;;;;;
;-8.935972;-78.798889;;;;;;;;;;;;;;;;;;
;-8.950139;-78.765556;;;;;;;;;;;;;;;;;;
;-9.116528;-78.6775;;;;;;;;;;;;;;;;;;
;-9.113472;-78.6975;;;;;;;;;;;;;;;;;;
;-9.085972;-78.689167;;;;;;;;;;;;;;;;;;
;-9.095694;-78.698889;;;;;;;;;;;;;;;;;;
;-9.036806;-78.740556;;;;;;;;;;;;;;;;;;
;-9.092917;-78.7275;;;;;;;;;;;;;;;;;;
;-9.13875;-78.681389;;;;;;;;;;;;;;;;;;
;-9.147361;-78.686944;;;;;;;;;;;;;;;;;;
;-8.83875;-78.829722;;;;;;;;;;;;;;;;;;
;-8.943472;-78.785278;;;;;;;;;;;;;;;;;;
;-9.122083;-78.676944;;;;;;;;;;;;;;;;;;
;-9.089861;-78.709167;;;;;;;;;;;;;;;;;;
;-9.13875;-78.664722;;;;;;;;;;;;;;;;;;
;-9.079583;-78.728889;;;;;;;;;;;;;;;;;;
;-9.147639;-78.701111;;;;;;;;;;;;;;;;;;
;-8.910972;-78.792222;;;;;;;;;;;;;;;;;;
;-4.994028;-81.210278;;;;;;;;;;;;;;;;;;
;-4.969306;-81.201667;;;;;;;;;;;;;;;;;;
;-4.969861;-81.173889;;;;;;;;;;;;;;;;;;
;-4.967361;-81.184167;;;;;;;;;;;;;;;;;;
;-4.948194;-81.228056;;;;;;;;;;;;;;;;;;
;-4.946528;-81.191667;;;;;;;;;;;;;;;;;;
;-4.979306;-81.175278;;;;;;;;;;;;;;;;;;
;-4.90875;-81.254167;;;;;;;;;;;;;;;;;;
;-4.935139;-81.209722;;;;;;;;;;;;;;;;;;
;-4.953194;-81.173611;;;;;;;;;;;;;;;;;;
;-5.017083;-81.154444;;;;;;;;;;;;;;;;;;
;-4.992083;-81.161944;;;;;;;;;;;;;;;;;;
;-5.00375;-81.143611;;;;;;;;;;;;;;;;;;
;-4.970139;-81.198056;;;;;;;;;;;;;;;;;;
;-4.948194;-81.18;;;;;;;;;;;;;;;;;;
;-4.980139;-81.156667;;;;;;;;;;;;;;;;;;
;-4.926528;-81.244167;;;;;;;;;;;;;;;;;;
;-4.966528;-81.206667;;;;;;;;;;;;;;;;;;
;-4.979028;-81.173611;;;;;;;;;;;;;;;;;;
;-4.959583;-81.220833;;;;;;;;;;;;;;;;;;
;-4.949028;-81.231389;;;;;;;;;;;;;;;;;;
;-4.999028;-81.188333;;;;;;;;;;;;;;;;;;
;-4.994028;-81.161111;;;;;;;;;;;;;;;;;;
;-4.929028;-81.2475;;;;;;;;;;;;;;;;;;
;-4.946806;-81.204444;;;;;;;;;;;;;;;;;;
;-5.658194;-80.978333;;;;;;;;;;;;;;;;;;
;-5.68125;-80.941944;;;;;;;;;;;;;;;;;;
;-5.695694;-80.933611;;;;;;;;;;;;;;;;;;
;-5.67125;-80.939444;;;;;;;;;;;;;;;;;;
;-5.685972;-80.93;;;;;;;;;;;;;;;;;;
;-5.68625;-80.928889;;;;;;;;;;;;;;;;;;
;-5.65375;-80.939444;;;;;;;;;;;;;;;;;;
;-5.710972;-80.9425;;;;;;;;;;;;;;;;;;
;-5.68625;-80.924444;;;;;;;;;;;;;;;;;;
;-5.705694;-80.9375;;;;;;;;;;;;;;;;;;
;-5.574861;-80.950833;;;;;;;;;;;;;;;;;;
;-5.679583;-80.943611;;;;;;;;;;;;;;;;;;
;-5.71625;-80.934722;;;;;;;;;;;;;;;;;;
;-5.509306;-80.971944;;;;;;;;;;;;;;;;;;
;-5.491528;-80.980278;;;;;;;;;;;;;;;;;;
;-5.689861;-80.945556;;;;;;;;;;;;;;;;;;
;-5.684028;-80.949722;;;;;;;;;;;;;;;;;;
;-5.694028;-80.9375;;;;;;;;;;;;;;;;;;
;-5.672083;-80.930833;;;;;;;;;;;;;;;;;;
;-5.68875;-80.9375;;;;;;;;;;;;;;;;;;
;-5.695972;-80.945;;;;;;;;;;;;;;;;;;
;-5.708194;-80.932778;;;;;;;;;;;;;;;;;;
;-5.69625;-80.936389;;;;;;;;;;;;;;;;;;
;-5.694861;-80.933611;;;;;;;;;;;;;;;;;;
;-5.710417;-80.932222;;;;;;;;;;;;;;;;;;
;-5.515417;-80.975278;;;;;;;;;;;;;;;;;;
;-5.692083;-80.941944;;;;;;;;;;;;;;;;;;
;-5.688472;-80.931944;;;;;;;;;;;;;;;;;;
;-5.667083;-80.984167;;;;;;;;;;;;;;;;;;
;-5.650694;-80.969722;;;;;;;;;;;;;;;;;;
;-5.72125;-80.941667;;;;;;;;;;;;;;;;;;
;-5.675972;-80.940278;;;;;;;;;;;;;;;;;;
;-5.686806;-80.940833;;;;;;;;;;;;;;;;;;
;-5.644306;-80.978056;;;;;;;;;;;;;;;;;;
;-5.64875;-80.978333;;;;;;;;;;;;;;;;;;
;-5.671528;-80.940833;;;;;;;;;;;;;;;;;;
;-5.629861;-80.975;;;;;;;;;;;;;;;;;;
;-5.645694;-80.944444;;;;;;;;;;;;;;;;;;
;-5.681806;-80.931389;;;;;;;;;;;;;;;;;;
;-5.695694;-80.934722;;;;;;;;;;;;;;;;;;
;-5.687361;-80.925278;;;;;;;;;;;;;;;;;;
;-5.68125;-80.929722;;;;;;;;;;;;;;;;;;
;-5.60625;-80.943611;;;;;;;;;;;;;;;;;;
;-5.705139;-80.936389;;;;;;;;;;;;;;;;;;
;-5.70875;-80.935833;;;;;;;;;;;;;;;;;;
;-5.515972;-80.965;;;;;;;;;;;;;;;;;;
;-5.487917;-80.980278;;;;;;;;;;;;;;;;;;
;-5.638194;-80.944167;;;;;;;;;;;;;;;;;;
;-5.654306;-80.940278;;;;;;;;;;;;;;;;;;
;-5.710417;-80.940278;;;;;;;;;;;;;;;;;;
;-5.690139;-80.937778;;;;;;;;;;;;;;;;;;
;-5.733472;-80.959722;;;;;;;;;;;;;;;;;;
;-5.712361;-80.948611;;;;;;;;;;;;;;;;;;
;-5.68375;-80.928333;;;;;;;;;;;;;;;;;;
;-5.694306;-80.941667;;;;;;;;;;;;;;;;;;
;-5.588472;-80.950278;;;;;;;;;;;;;;;;;;
;-5.617917;-80.932222;;;;;;;;;;;;;;;;;;
;-5.682083;-80.939167;;;;;;;;;;;;;;;;;;
;-5.622917;-80.978889;;;;;;;;;;;;;;;;;;
;-9.121806;-78.675278;;;;;;;;;;;;;;;;;;
;-9.114028;-78.692778;;;;;;;;;;;;;;;;;;
;-9.107639;-78.695278;;;;;;;;;;;;;;;;;;
;-9.0925;-78.6913;;;;;;;;;;;;;;;;;;
;-9.1114;-78.6979;;;;;;;;;;;;;;;;;;
;-9.0874;-78.7208;;;;;;;;;;;;;;;;;;
;-9.1215;-78.687599;;;;;;;;;;;;;;;;;;
;-9.1669;-78.666999;;;;;;;;;;;;;;;;;;
;-8.9387;-78.7953;;;;;;;;;;;;;;;;;;
;-9.112917;-78.688056;;;;;;;;;;;;;;;;;;
;-9.12875;-78.686944;;;;;;;;;;;;;;;;;;
;-8.942361;-78.768611;;;;;;;;;;;;;;;;;;
;-9.12125;-78.694722;;;;;;;;;;;;;;;;;;
;-9.145694;-78.692222;;;;;;;;;;;;;;;;;;
;-9.154861;-78.697778;;;;;;;;;;;;;;;;;;
;-9.222083;-78.663333;;;;;;;;;;;;;;;;;;
;-9.154861;-78.703889;;;;;;;;;;;;;;;;;;
;-9.110694;-78.6825;;;;;;;;;;;;;;;;;;
;-9.097361;-78.706667;;;;;;;;;;;;;;;;;;
;-9.104028;-78.689444;;;;;;;;;;;;;;;;;;
;-9.072639;-78.734444;;;;;;;;;;;;;;;;;;
;-9.126806;-78.710278;;;;;;;;;;;;;;;;;;
;-9.126806;-78.683889;;;;;;;;;;;;;;;;;;
;-9.143194;-78.687778;;;;;;;;;;;;;;;;;;
;-9.161528;-78.685556;;;;;;;;;;;;;;;;;;
;-9.071806;-78.693056;;;;;;;;;;;;;;;;;;
;-9.099028;-78.708056;;;;;;;;;;;;;;;;;;
;-9.105972;-78.686944;;;;;;;;;;;;;;;;;;
;-9.060139;-78.735278;;;;;;;;;;;;;;;;;;
;-9.134861;-78.700556;;;;;;;;;;;;;;;;;;
;-9.125694;-78.679722;;;;;;;;;;;;;;;;;;
;-9.110139;-78.706667;;;;;;;;;;;;;;;;;;
;-9.104861;-78.706389;;;;;;;;;;;;;;;;;;
;-9.044861;-78.741944;;;;;;;;;;;;;;;;;;
;-9.088472;-78.713056;;;;;;;;;;;;;;;;;;
;-9.117361;-78.695;;;;;;;;;;;;;;;;;;
;-9.154306;-78.688333;;;;;;;;;;;;;;;;;;
;-9.142639;-78.691667;;;;;;;;;;;;;;;;;;
;-8.935417;-78.792778;;;;;;;;;;;;;;;;;;
;-8.932917;-78.770278;;;;;;;;;;;;;;;;;;
;-8.947917;-78.773889;;;;;;;;;;;;;;;;;;
;-9.152361;-78.692778;;;;;;;;;;;;;;;;;;
;-9.140417;-78.716944;;;;;;;;;;;;;;;;;;
;-8.927639;-78.798889;;;;;;;;;;;;;;;;;;
;-9.059583;-78.795278;;;;;;;;;;;;;;;;;;
;-4.9491;-81.2203;;;;;;;;;;;;;;;;;;
;-4.9463;-81.2232;;;;;;;;;;;;;;;;;;
;-4.9984;-81.1689;;;;;;;;;;;;;;;;;;
;-4.969;-81.2122;;;;;;;;;;;;;;;;;;
;-4.9878;-81.1931;;;;;;;;;;;;;;;;;;
;-4.9953;-81.1757;;;;;;;;;;;;;;;;;;
;-4.9938;-81.168099;;;;;;;;;;;;;;;;;;
;-4.9732;-81.168299;;;;;;;;;;;;;;;;;;
;-4.9865;-81.1788;;;;;;;;;;;;;;;;;;
;-4.9911;-81.1676;;;;;;;;;;;;;;;;;;
;-4.935;-81.2189;;;;;;;;;;;;;;;;;;
;-4.9419;-81.200899;;;;;;;;;;;;;;;;;;
;-4.9294;-81.234899;;;;;;;;;;;;;;;;;;
;-4.931;-81.220199;;;;;;;;;;;;;;;;;;
;-4.9547;-81.185999;;;;;;;;;;;;;;;;;;
;-4.9398;-81.205499;;;;;;;;;;;;;;;;;;
;-4.9312;-81.2353;;;;;;;;;;;;;;;;;;
;-4.9475;-81.199599;;;;;;;;;;;;;;;;;;
;-4.992;-81.164699;;;;;;;;;;;;;;;;;;
;-4.9315;-81.233499;;;;;;;;;;;;;;;;;;
;-4.9795;-81.1691;;;;;;;;;;;;;;;;;;
;-4.9954;-81.1573;;;;;;;;;;;;;;;;;;
;-5.0006;-81.173499;;;;;;;;;;;;;;;;;;
;-4.9942;-81.1582;;;;;;;;;;;;;;;;;;
;-4.9382;-81.2404;;;;;;;;;;;;;;;;;;
;-4.9975;-81.165399;;;;;;;;;;;;;;;;;;
;-4.9989;-81.1616;;;;;;;;;;;;;;;;;;
;-5.0083;-81.217499;;;;;;;;;;;;;;;;;;
;-4.9897;-81.2162;;;;;;;;;;;;;;;;;;
;-5.0031;-81.197099;;;;;;;;;;;;;;;;;;
;-4.9982;-81.168999;;;;;;;;;;;;;;;;;;
;-4.9863;-81.1986;;;;;;;;;;;;;;;;;;
;-9.1098;-78.6807;;;;;;;;;;;;;;;;;;
;-9.106;-78.7015;;;;;;;;;;;;;;;;;;
;-9.0906;-78.73;;;;;;;;;;;;;;;;;;
;-9.1205;-78.6847;;;;;;;;;;;;;;;;;;
;-9.1414;-78.688499;;;;;;;;;;;;;;;;;;
;-8.9409;-78.795;;;;;;;;;;;;;;;;;;
;-8.9224;-78.7575;;;;;;;;;;;;;;;;;;
;-8.9458;-78.781;;;;;;;;;;;;;;;;;;
;-9.129306;-78.684722;;;;;;;;;;;;;;;;;;
;-9.112917;-78.6975;;;;;;;;;;;;;;;;;;
;-9.042361;-78.742778;;;;;;;;;;;;;;;;;;
;-9.119861;-78.711667;;;;;;;;;;;;;;;;;;
;-9.14375;-78.697778;;;;;;;;;;;;;;;;;;
;-9.099861;-78.706389;;;;;;;;;;;;;;;;;;
;-8.910972;-78.789444;;;;;;;;;;;;;;;;;;
;-8.802361;-78.835833;;;;;;;;;;;;;;;;;;
;-8.918472;-78.8;;;;;;;;;;;;;;;;;;
;-8.938194;-78.795556;;;;;;;;;;;;;;;;;;
;-9.109028;-78.693889;;;;;;;;;;;;;;;;;;
;-9.121806;-78.6975;;;;;;;;;;;;;;;;;;
;-9.133194;-78.697778;;;;;;;;;;;;;;;;;;
;-9.154861;-78.693889;;;;;;;;;;;;;;;;;;
;-5.692083;-80.9325;;;;;;;;;;;;;;;;;;
;-5.689028;-80.934444;;;;;;;;;;;;;;;;;;
;-5.730972;-80.955556;;;;;;;;;;;;;;;;;;
;-5.688472;-80.927222;;;;;;;;;;;;;;;;;;
;-5.682083;-80.935;;;;;;;;;;;;;;;;;;
;-5.69125;-80.939722;;;;;;;;;;;;;;;;;;
;-5.671528;-80.929722;;;;;;;;;;;;;;;;;;
;-5.679861;-80.930833;;;;;;;;;;;;;;;;;;
;-5.653472;-80.923056;;;;;;;;;;;;;;;;;;
;-5.67625;-80.924167;;;;;;;;;;;;;;;;;;
;-9.114583;-78.693889;;;;;;;;;;;;;;;;;;
;-9.120417;-78.687222;;;;;;;;;;;;;;;;;;
;-9.145694;-78.687778;;;;;;;;;;;;;;;;;;
;-8.935694;-78.793056;;;;;;;;;;;;;;;;;;
;-9.0855;-78.6915;;;;;;;;;;;;;;;;;;
;-9.1193;-78.6832;;;;;;;;;;;;;;;;;;
;-9.0906;-78.727899;;;;;;;;;;;;;;;;;;
;-9.145;-78.7058;;;;;;;;;;;;;;;;;;
;-9.0719;-78.7074;;;;;;;;;;;;;;;;;;
;-8.9069;-78.7957;;;;;;;;;;;;;;;;;;
;-8.8246;-78.830199;;;;;;;;;;;;;;;;;;
;-8.9473;-78.7563;;;;;;;;;;;;;;;;;;
;-9.124306;-78.675556;;;;;;;;;;;;;;;;;;
;-9.104306;-78.6975;;;;;;;;;;;;;;;;;;
;-9.125972;-78.677778;;;;;;;;;;;;;;;;;;
;-8.983194;-78.725833;;;;;;;;;;;;;;;;;;
;-9.098472;-78.721389;;;;;;;;;;;;;;;;;;
;-9.152083;-78.688889;;;;;;;;;;;;;;;;;;
;-9.133472;-78.681944;;;;;;;;;;;;;;;;;;
;-9.154306;-78.683611;;;;;;;;;;;;;;;;;;
;-8.952361;-78.803333;;;;;;;;;;;;;;;;;;
;-8.895139;-78.788611;;;;;;;;;;;;;;;;;;
;-8.932639;-78.770278;;;;;;;;;;;;;;;;;;
;-8.949306;-78.786389;;;;;;;;;;;;;;;;;;
;-9.159861;-78.676667;;;;;;;;;;;;;;;;;;
;-9.164861;-78.686389;;;;;;;;;;;;;;;;;;
;-9.231528;-78.655833;;;;;;;;;;;;;;;;;;
;-9.094861;-78.693889;;;;;;;;;;;;;;;;;;
;-9.108194;-78.704444;;;;;;;;;;;;;;;;;;
;-9.120139;-78.688333;;;;;;;;;;;;;;;;;;
;-9.096806;-78.702222;;;;;;;;;;;;;;;;;;
;-9.123472;-78.681667;;;;;;;;;;;;;;;;;;
;-9.114028;-78.702222;;;;;;;;;;;;;;;;;;
;-8.949861;-78.788889;;;;;;;;;;;;;;;;;;
;-8.905417;-78.789722;;;;;;;;;;;;;;;;;;
;-8.944028;-78.775278;;;;;;;;;;;;;;;;;;
;-9.132083;-78.698333;;;;;;;;;;;;;;;;;;
;-9.154306;-78.694722;;;;;;;;;;;;;;;;;;
;-12.048472;-77.303056;;;;;;;;;;;;;;;;;;
;-12.062361;-77.343611;;;;;;;;;;;;;;;;;;
;-11.982639;-77.337222;;;;;;;;;;;;;;;;;;
;-12.067361;-77.264722;;;;;;;;;;;;;;;;;;
;-12.381528;-76.961111;;;;;;;;;;;;;;;;;;
;-12.386528;-77.001111;;;;;;;;;;;;;;;;;;
;-12.312639;-76.9825;;;;;;;;;;;;;;;;;;
;-11.960694;-77.343611;;;;;;;;;;;;;;;;;;
;-9.101528;-78.690833;;;;;;;;;;;;;;;;;;
;-9.12375;-78.674722;;;;;;;;;;;;;;;;;;
;-9.097361;-78.692222;;;;;;;;;;;;;;;;;;
;-8.987361;-78.725556;;;;;;;;;;;;;;;;;;
;-9.090972;-78.724167;;;;;;;;;;;;;;;;;;
;-9.120417;-78.689722;;;;;;;;;;;;;;;;;;
;-9.153472;-78.691667;;;;;;;;;;;;;;;;;;
;-9.137361;-78.690556;;;;;;;;;;;;;;;;;;
;-8.894028;-78.793333;;;;;;;;;;;;;;;;;;
;-8.852361;-78.816389;;;;;;;;;;;;;;;;;;
;-9.214861;-78.655278;;;;;;;;;;;;;;;;;;
;-9.145139;-78.715;;;;;;;;;;;;;;;;;;
;-9.120417;-78.740278;;;;;;;;;;;;;;;;;;
;-4.96125;-81.216389;;;;;;;;;;;;;;;;;;
;-4.997361;-81.154444;;;;;;;;;;;;;;;;;;
;-4.982083;-81.154444;;;;;;;;;;;;;;;;;;
;-4.998194;-81.183889;;;;;;;;;;;;;;;;;;
;-5.010417;-81.161389;;;;;;;;;;;;;;;;;;
;-4.94375;-81.228056;;;;;;;;;;;;;;;;;;
;-4.981528;-81.174444;;;;;;;;;;;;;;;;;;
;-4.91375;-81.250833;;;;;;;;;;;;;;;;;;
;-4.959028;-81.173333;;;;;;;;;;;;;;;;;;
;-4.989306;-81.188056;;;;;;;;;;;;;;;;;;
;-4.944583;-81.205;;;;;;;;;;;;;;;;;;
;-4.964583;-81.186944;;;;;;;;;;;;;;;;;;
;-4.955139;-81.1975;;;;;;;;;;;;;;;;;;
;-4.934306;-81.206111;;;;;;;;;;;;;;;;;;
;-4.977083;-81.191389;;;;;;;;;;;;;;;;;;
;-4.978194;-81.174722;;;;;;;;;;;;;;;;;;
;-4.994028;-81.171111;;;;;;;;;;;;;;;;;;
;-5.000972;-81.176111;;;;;;;;;;;;;;;;;;
;-4.938194;-81.211389;;;;;;;;;;;;;;;;;;
;-4.960972;-81.184444;;;;;;;;;;;;;;;;;;
;-4.994028;-81.165;;;;;;;;;;;;;;;;;;
;-4.994583;-81.17;;;;;;;;;;;;;;;;;;
;-5.016528;-81.128889;;;;;;;;;;;;;;;;;;
;-4.984028;-81.199722;;;;;;;;;;;;;;;;;;
;-4.961528;-81.229722;;;;;;;;;;;;;;;;;;
;-4.946806;-81.205;;;;;;;;;;;;;;;;;;
;-4.992361;-81.193333;;;;;;;;;;;;;;;;;;
;-5.010139;-81.154167;;;;;;;;;;;;;;;;;;
;-5.009583;-81.151944;;;;;;;;;;;;;;;;;;
;-5.007361;-81.146111;;;;;;;;;;;;;;;;;;
;-9.09875;-78.692778;;;;;;;;;;;;;;;;;;
;-9.080139;-78.691111;;;;;;;;;;;;;;;;;;
;-9.130694;-78.680556;;;;;;;;;;;;;;;;;;
;-9.085694;-78.686111;;;;;;;;;;;;;;;;;;
;-9.105972;-78.689167;;;;;;;;;;;;;;;;;;
;-9.092083;-78.726389;;;;;;;;;;;;;;;;;;
;-9.117083;-78.69;;;;;;;;;;;;;;;;;;
;-9.001806;-78.742222;;;;;;;;;;;;;;;;;;
;-8.937083;-78.798333;;;;;;;;;;;;;;;;;;
;-8.913194;-78.788056;;;;;;;;;;;;;;;;;;
;-8.905139;-78.808611;;;;;;;;;;;;;;;;;;
;-8.949306;-78.766389;;;;;;;;;;;;;;;;;;
;-9.124583;-78.6975;;;;;;;;;;;;;;;;;;
;-9.144583;-78.701111;;;;;;;;;;;;;;;;;;
;-9.165417;-78.698056;;;;;;;;;;;;;;;;;;
;-9.219028;-78.661389;;;;;;;;;;;;;;;;;;
;-9.150139;-78.716111;;;;;;;;;;;;;;;;;;
;-9.12625;-78.735556;;;;;;;;;;;;;;;;;;
;-9.099306;-78.751389;;;;;;;;;;;;;;;;;;
;-9.145694;-78.699444;;;;;;;;;;;;;;;;;;
;-9.08875;-78.6975;;;;;;;;;;;;;;;;;;
;-9.069583;-78.735556;;;;;;;;;;;;;;;;;;
;-8.924861;-78.793889;;;;;;;;;;;;;;;;;;
;-8.839861;-78.827222;;;;;;;;;;;;;;;;;;
;-8.920972;-78.802222;;;;;;;;;;;;;;;;;;
;-8.950139;-78.755833;;;;;;;;;;;;;;;;;;
;-9.052639;-78.791944;;;;;;;;;;;;;;;;;;
;-5.657639;-80.976667;;;;;;;;;;;;;;;;;;
;-5.672917;-80.945556;;;;;;;;;;;;;;;;;;
;-5.690694;-80.934167;;;;;;;;;;;;;;;;;;
;-5.636528;-80.979167;;;;;;;;;;;;;;;;;;
;-5.636806;-80.974722;;;;;;;;;;;;;;;;;;
;-5.684306;-80.932778;;;;;;;;;;;;;;;;;;
;-5.677917;-80.928333;;;;;;;;;;;;;;;;;;
;-5.690972;-80.931944;;;;;;;;;;;;;;;;;;
;-5.59375;-80.946389;;;;;;;;;;;;;;;;;;
;-5.637083;-80.941111;;;;;;;;;;;;;;;;;;
;-5.687917;-80.933056;;;;;;;;;;;;;;;;;;
;-5.69125;-80.933611;;;;;;;;;;;;;;;;;;
;-5.727917;-80.954444;;;;;;;;;;;;;;;;;;
;-5.486806;-80.981389;;;;;;;;;;;;;;;;;;
;-5.637917;-80.951111;;;;;;;;;;;;;;;;;;
;-5.682083;-80.945;;;;;;;;;;;;;;;;;;
;-5.609583;-80.950833;;;;;;;;;;;;;;;;;;
;-5.693194;-80.935;;;;;;;;;;;;;;;;;;
;-5.698194;-80.935833;;;;;;;;;;;;;;;;;;
;-5.68875;-80.934444;;;;;;;;;;;;;;;;;;
;-5.72375;-80.951389;;;;;;;;;;;;;;;;;;
;-5.712639;-80.953889;;;;;;;;;;;;;;;;;;
;-5.707917;-80.943889;;;;;;;;;;;;;;;;;;
;-5.697917;-80.944167;;;;;;;;;;;;;;;;;;
;-5.705139;-80.939167;;;;;;;;;;;;;;;;;;
;-5.56875;-80.952222;;;;;;;;;;;;;;;;;;
;-5.570972;-80.951111;;;;;;;;;;;;;;;;;;
;-5.655694;-80.968889;;;;;;;;;;;;;;;;;;
;-5.657083;-80.940556;;;;;;;;;;;;;;;;;;
;-5.667361;-80.941389;;;;;;;;;;;;;;;;;;
;-5.69375;-80.935278;;;;;;;;;;;;;;;;;;
;-5.617361;-80.98;;;;;;;;;;;;;;;;;;
;-5.730694;-80.945278;;;;;;;;;;;;;;;;;;
;-9.290139;-78.623611;;;;;;;;;;;;;;;;;;
;-9.08625;-78.702778;;;;;;;;;;;;;;;;;;
;-9.094028;-78.691944;;;;;;;;;;;;;;;;;;
;-9.106528;-78.703056;;;;;;;;;;;;;;;;;;
;-9.102361;-78.702222;;;;;;;;;;;;;;;;;;
;-9.091806;-78.727778;;;;;;;;;;;;;;;;;;
;-9.159306;-78.693889;;;;;;;;;;;;;;;;;;
;-9.119583;-78.683333;;;;;;;;;;;;;;;;;;
;-9.14375;-78.690556;;;;;;;;;;;;;;;;;;
;-9.140972;-78.688611;;;;;;;;;;;;;;;;;;
;-8.951528;-78.802778;;;;;;;;;;;;;;;;;;
;-9.055694;-78.783333;;;;;;;;;;;;;;;;;;
;-8.940972;-78.796944;;;;;;;;;;;;;;;;;;
;-9.219028;-78.661389;;;;;;;;;;;;;;;;;;
;-9.149306;-78.7075;;;;;;;;;;;;;;;;;;
;-9.127083;-78.736944;;;;;;;;;;;;;;;;;;
;-9.104861;-78.761667;;;;;;;;;;;;;;;;;;
;-9.081528;-78.775556;;;;;;;;;;;;;;;;;;
;-9.120972;-78.6775;;;;;;;;;;;;;;;;;;
;-9.104306;-78.692778;;;;;;;;;;;;;;;;;;
;-9.120972;-78.626389;;;;;;;;;;;;;;;;;;
;-9.123472;-78.708056;;;;;;;;;;;;;;;;;;
;-9.11625;-78.696667;;;;;;;;;;;;;;;;;;
;-9.075139;-78.732222;;;;;;;;;;;;;;;;;;
;-9.073472;-78.711389;;;;;;;;;;;;;;;;;;
;-8.951528;-78.805833;;;;;;;;;;;;;;;;;;
;-8.95625;-78.776389;;;;;;;;;;;;;;;;;;
;-9.127639;-78.699167;;;;;;;;;;;;;;;;;;
;-9.14625;-78.696389;;;;;;;;;;;;;;;;;;
;-9.165972;-78.695556;;;;;;;;;;;;;;;;;;
;-4.985694;-81.1975;;;;;;;;;;;;;;;;;;
;-5.011528;-81.148889;;;;;;;;;;;;;;;;;;
;-4.987639;-81.159722;;;;;;;;;;;;;;;;;;
;-5.008194;-81.173889;;;;;;;;;;;;;;;;;;
;-4.982083;-81.188056;;;;;;;;;;;;;;;;;;
;-5.01875;-81.159722;;;;;;;;;;;;;;;;;;
;-4.972083;-81.232778;;;;;;;;;;;;;;;;;;
;-4.95375;-81.202778;;;;;;;;;;;;;;;;;;
;-4.965694;-81.168611;;;;;;;;;;;;;;;;;;
;-9.093194;-78.699444;;;;;;;;;;;;;;;;;;
;-9.124583;-78.680833;;;;;;;;;;;;;;;;;;
;-9.10875;-78.7075;;;;;;;;;;;;;;;;;;
;-9.099028;-78.696667;;;;;;;;;;;;;;;;;;
;-8.98625;-78.7275;;;;;;;;;;;;;;;;;;
;-9.094583;-78.729167;;;;;;;;;;;;;;;;;;
;-9.133472;-78.706944;;;;;;;;;;;;;;;;;;
;-8.936528;-78.7975;;;;;;;;;;;;;;;;;;
;-8.909861;-78.789722;;;;;;;;;;;;;;;;;;
;-8.853194;-78.815833;;;;;;;;;;;;;;;;;;
;-8.944583;-78.763333;;;;;;;;;;;;;;;;;;
;-9.119861;-78.7;;;;;;;;;;;;;;;;;;
;-9.158472;-78.681389;;;;;;;;;;;;;;;;;;
;-9.16625;-78.6925;;;;;;;;;;;;;;;;;;
;-4.969028;-81.223889;;;;;;;;;;;;;;;;;;
;-4.972361;-81.2125;;;;;;;;;;;;;;;;;;
;-5.00375;-81.178889;;;;;;;;;;;;;;;;;;
;-5.010694;-81.145278;;;;;;;;;;;;;;;;;;
;-4.982361;-81.217778;;;;;;;;;;;;;;;;;;
;-5.008194;-81.1725;;;;;;;;;;;;;;;;;;
;-4.946806;-81.231667;;;;;;;;;;;;;;;;;;
;-4.936528;-81.192222;;;;;;;;;;;;;;;;;;
;-4.976528;-81.1775;;;;;;;;;;;;;;;;;;
;-4.994028;-81.203056;;;;;;;;;;;;;;;;;;
;-4.915417;-81.243333;;;;;;;;;;;;;;;;;;
;-4.949861;-81.183056;;;;;;;;;;;;;;;;;;
;-5.019306;-81.158889;;;;;;;;;;;;;;;;;;
;-4.998194;-81.166111;;;;;;;;;;;;;;;;;;
;-5.00625;-81.150556;;;;;;;;;;;;;;;;;;
;-4.936528;-81.204167;;;;;;;;;;;;;;;;;;
;-4.966528;-81.1925;;;;;;;;;;;;;;;;;;
;-4.97625;-81.197778;;;;;;;;;;;;;;;;;;
;-4.942639;-81.205;;;;;;;;;;;;;;;;;;
;-4.999861;-81.159444;;;;;;;;;;;;;;;;;;
;-4.962361;-81.218333;;;;;;;;;;;;;;;;;;
;-4.947361;-81.227222;;;;;;;;;;;;;;;;;;
;-4.966528;-81.187222;;;;;;;;;;;;;;;;;;
;-4.969861;-81.171944;;;;;;;;;;;;;;;;;;
;-4.982083;-81.164722;;;;;;;;;;;;;;;;;;
;-4.931806;-81.216389;;;;;;;;;;;;;;;;;;
;-4.958472;-81.178889;;;;;;;;;;;;;;;;;;
;-4.939861;-81.247222;;;;;;;;;;;;;;;;;;
;-4.959861;-81.228056;;;;;;;;;;;;;;;;;;
;-4.960417;-81.202778;;;;;;;;;;;;;;;;;;
;-5.014861;-81.1725;;;;;;;;;;;;;;;;;;
;-5.002917;-81.2025;;;;;;;;;;;;;;;;;;
;-4.990139;-81.194167;;;;;;;;;;;;;;;;;;
;-4.99375;-81.2225;;;;;;;;;;;;;;;;;;
;-4.986806;-81.198056;;;;;;;;;;;;;;;;;;
;-4.988472;-81.163611;;;;;;;;;;;;;;;;;;
;-4.985417;-81.204444;;;;;;;;;;;;;;;;;;
;-4.953472;-81.206667;;;;;;;;;;;;;;;;;;
;-4.932083;-81.270833;;;;;;;;;;;;;;;;;;
;-4.984306;-81.205556;;;;;;;;;;;;;;;;;;
;-5.009861;-81.144167;;;;;;;;;;;;;;;;;;
;-4.989583;-81.195278;;;;;;;;;;;;;;;;;;
;-4.987639;-81.1625;;;;;;;;;;;;;;;;;;
;-5.006806;-81.218611;;;;;;;;;;;;;;;;;;
;-5.00875;-81.155833;;;;;;;;;;;;;;;;;;
;-4.9561;-81.2182;;;;;;;;;;;;;;;;;;
;-4.9627;-81.207699;;;;;;;;;;;;;;;;;;
;-4.9842;-81.1797;;;;;;;;;;;;;;;;;;
;-4.9437;-81.230399;;;;;;;;;;;;;;;;;;
;-4.9336;-81.1967;;;;;;;;;;;;;;;;;;
;-5.0163;-81.158;;;;;;;;;;;;;;;;;;
;-4.9962;-81.167899;;;;;;;;;;;;;;;;;;
;-5.0058;-81.148199;;;;;;;;;;;;;;;;;;
;-4.974;-81.1965;;;;;;;;;;;;;;;;;;
;-4.9368;-81.2085;;;;;;;;;;;;;;;;;;
;-4.9667;-81.1918;;;;;;;;;;;;;;;;;;
;-4.9475;-81.2013;;;;;;;;;;;;;;;;;;
;-4.9375;-81.212499;;;;;;;;;;;;;;;;;;
;-4.9816;-81.1668;;;;;;;;;;;;;;;;;;
;-4.9294;-81.2386;;;;;;;;;;;;;;;;;;
;-4.9755;-81.195299;;;;;;;;;;;;;;;;;;
;-4.9956;-81.1549;;;;;;;;;;;;;;;;;;
;-5.0025;-81.1605;;;;;;;;;;;;;;;;;;
;-4.9369;-81.248899;;;;;;;;;;;;;;;;;;
;-4.97;-81.191199;;;;;;;;;;;;;;;;;;
;-4.998;-81.180299;;;;;;;;;;;;;;;;;;
;-4.9395;-81.2414;;;;;;;;;;;;;;;;;;
;-4.9511;-81.2319;;;;;;;;;;;;;;;;;;
;-4.9573;-81.195;;;;;;;;;;;;;;;;;;
;-5.0187;-81.1822;;;;;;;;;;;;;;;;;;
;-5.0116;-81.1709;;;;;;;;;;;;;;;;;;
;-5.0101;-81.1514;;;;;;;;;;;;;;;;;;
;-5.0028;-81.163999;;;;;;;;;;;;;;;;;;
;-5.0026;-81.203899;;;;;;;;;;;;;;;;;;
;-4.9916;-81.187;;;;;;;;;;;;;;;;;;
;-4.9989;-81.171699;;;;;;;;;;;;;;;;;;
;-5.0153;-81.1499;;;;;;;;;;;;;;;;;;
;-4.9974;-81.226999;;;;;;;;;;;;;;;;;;
;-4.9921;-81.1924;;;;;;;;;;;;;;;;;;
;-4.9881;-81.1757;;;;;;;;;;;;;;;;;;
;-4.988;-81.164899;;;;;;;;;;;;;;;;;;
;-4.9815;-81.221299;;;;;;;;;;;;;;;;;;
;-4.9612;-81.2183;;;;;;;;;;;;;;;;;;
;-4.9857;-81.1845;;;;;;;;;;;;;;;;;;
;-4.9947;-81.1607;;;;;;;;;;;;;;;;;;
;-4.9368;-81.229699;;;;;;;;;;;;;;;;;;
;-4.976;-81.1628;;;;;;;;;;;;;;;;;;
;-5.0021;-81.1777;;;;;;;;;;;;;;;;;;
;-5.013;-81.2128;;;;;;;;;;;;;;;;;;
;-5.0109;-81.1592;;;;;;;;;;;;;;;;;;
;-5.0112;-81.1267;;;;;;;;;;;;;;;;;;
;-4.924;-81.2416;;;;;;;;;;;;;;;;;;
;-4.9649;-81.205199;;;;;;;;;;;;;;;;;;
;-5.0079;-81.1385;;;;;;;;;;;;;;;;;;
;-4.9869;-81.217499;;;;;;;;;;;;;;;;;;
;-4.9754;-81.1814;;;;;;;;;;;;;;;;;;
;-4.9853;-81.199099;;;;;;;;;;;;;;;;;;
;-4.9876;-81.2156;;;;;;;;;;;;;;;;;;
;-5.0022;-81.161299;;;;;;;;;;;;;;;;;;
;-4.9972;-81.181199;;;;;;;;;;;;;;;;;;
;-4.9356;-81.2379;;;;;;;;;;;;;;;;;;
;-4.9233;-81.2472;;;;;;;;;;;;;;;;;;
;-5.0051;-81.164699;;;;;;;;;;;;;;;;;;
;-5.001;-81.152899;;;;;;;;;;;;;;;;;;
;-4.9869;-81.190499;;;;;;;;;;;;;;;;;;
;-4.9348;-81.206;;;;;;;;;;;;;;;;;;
;-4.9254;-81.2409;;;;;;;;;;;;;;;;;;
;-4.9577;-81.1678;;;;;;;;;;;;;;;;;;
;-4.9797;-81.212899;;;;;;;;;;;;;;;;;;
;-4.9757;-81.180999;;;;;;;;;;;;;;;;;;
;-5.0032;-81.1671;;;;;;;;;;;;;;;;;;
;-4.9628;-81.2201;;;;;;;;;;;;;;;;;;
;-4.9692;-81.181699;;;;;;;;;;;;;;;;;;
;-4.9797;-81.1714;;;;;;;;;;;;;;;;;;
;-4.9938;-81.1609;;;;;;;;;;;;;;;;;;
;-4.9936;-81.1845;;;;;;;;;;;;;;;;;;
;-4.9559;-81.1934;;;;;;;;;;;;;;;;;;
;-4.9483;-81.2137;;;;;;;;;;;;;;;;;;
;-5.0192;-81.1968;;;;;;;;;;;;;;;;;;
;-5.0139;-81.1474;;;;;;;;;;;;;;;;;;
;-4.9958;-81.1587;;;;;;;;;;;;;;;;;;
;-5.0169;-81.156299;;;;;;;;;;;;;;;;;;
;-5.0229;-81.158099;;;;;;;;;;;;;;;;;;
;-5.0054;-81.208;;;;;;;;;;;;;;;;;;
;-4.9967;-81.1676;;;;;;;;;;;;;;;;;;
;-4.9951;-81.216299;;;;;;;;;;;;;;;;;;
;-5.0006;-81.197499;;;;;;;;;;;;;;;;;;
;-5.0355;-81.139799;;;;;;;;;;;;;;;;;;
;-4.9283;-81.2748;;;;;;;;;;;;;;;;;;
;-4.9764;-81.1641;;;;;;;;;;;;;;;;;;
;-4.9867;-81.1949;;;;;;;;;;;;;;;;;;
;-4.9918;-81.1639;;;;;;;;;;;;;;;;;;
;-4.9644;-81.2232;;;;;;;;;;;;;;;;;;
;-4.9738;-81.182099;;;;;;;;;;;;;;;;;;
;-4.9871;-81.1689;;;;;;;;;;;;;;;;;;
;-4.9818;-81.1729;;;;;;;;;;;;;;;;;;
;-4.9885;-81.1664;;;;;;;;;;;;;;;;;;
;-4.9408;-81.1965;;;;;;;;;;;;;;;;;;
;-4.9793;-81.202;;;;;;;;;;;;;;;;;;
;-4.9423;-81.2123;;;;;;;;;;;;;;;;;;
;-4.9629;-81.213199;;;;;;;;;;;;;;;;;;
;-5.0005;-81.175599;;;;;;;;;;;;;;;;;;
;-4.9521;-81.2137;;;;;;;;;;;;;;;;;;
;-4.9781;-81.1813;;;;;;;;;;;;;;;;;;
;-4.9379;-81.248299;;;;;;;;;;;;;;;;;;
;-4.9707;-81.189;;;;;;;;;;;;;;;;;;
;-4.9855;-81.1917;;;;;;;;;;;;;;;;;;
;-4.9955;-81.189399;;;;;;;;;;;;;;;;;;
;-4.9857;-81.1979;;;;;;;;;;;;;;;;;;
;-4.9283;-81.2672;;;;;;;;;;;;;;;;;;
;-4.9871;-81.194;;;;;;;;;;;;;;;;;;
;-5.0039;-81.214999;;;;;;;;;;;;;;;;;;
;-4.948194;-81.228333;;;;;;;;;;;;;;;;;;
;-4.989028;-81.207778;;;;;;;;;;;;;;;;;;
;-4.999861;-81.195556;;;;;;;;;;;;;;;;;;
;-4.977917;-81.176667;;;;;;;;;;;;;;;;;;
;-4.982639;-81.205278;;;;;;;;;;;;;;;;;;
;-4.982083;-81.201389;;;;;;;;;;;;;;;;;;
;-5.015972;-81.163611;;;;;;;;;;;;;;;;;;
;-9.1362;-78.6694;;;;;;;;;;;;;;;;;;
;-9.1156;-78.6813;;;;;;;;;;;;;;;;;;
;-9.0942;-78.6897;;;;;;;;;;;;;;;;;;
;-9.0868;-78.7251;;;;;;;;;;;;;;;;;;
;-9.1643;-78.6845;;;;;;;;;;;;;;;;;;
;-9.1396;-78.679899;;;;;;;;;;;;;;;;;;
;-9.1041;-78.7006;;;;;;;;;;;;;;;;;;
;-5.7008;-80.940099;;;;;;;;;;;;;;;;;;
;-5.6415;-80.9481;;;;;;;;;;;;;;;;;;
;-5.7234;-80.9524;;;;;;;;;;;;;;;;;;
;-5.6817;-80.9365;;;;;;;;;;;;;;;;;;
;-5.686;-80.971999;;;;;;;;;;;;;;;;;;
;-5.6978;-80.950699;;;;;;;;;;;;;;;;;;
;-5.6706;-80.9368;;;;;;;;;;;;;;;;;;
;-5.5665;-80.9526;;;;;;;;;;;;;;;;;;
;-9.093472;-78.691389;;;;;;;;;;;;;;;;;;
;-9.079028;-78.731667;;;;;;;;;;;;;;;;;;
;-9.130972;-78.706111;;;;;;;;;;;;;;;;;;
;-8.912639;-78.794167;;;;;;;;;;;;;;;;;;
;-8.834028;-78.829722;;;;;;;;;;;;;;;;;;
;-8.94875;-78.768611;;;;;;;;;;;;;;;;;;
;-4.95375;-81.230556;;;;;;;;;;;;;;;;;;
;-4.97875;-81.202222;;;;;;;;;;;;;;;;;;
;-4.997083;-81.162778;;;;;;;;;;;;;;;;;;
;-4.987639;-81.171944;;;;;;;;;;;;;;;;;;
;-4.982361;-81.182222;;;;;;;;;;;;;;;;;;
;-4.941528;-81.230833;;;;;;;;;;;;;;;;;;
;-4.943194;-81.193056;;;;;;;;;;;;;;;;;;
;-4.994861;-81.163056;;;;;;;;;;;;;;;;;;
;-4.942361;-81.185278;;;;;;;;;;;;;;;;;;
;-4.986528;-81.159444;;;;;;;;;;;;;;;;;;
;-4.935139;-81.243333;;;;;;;;;;;;;;;;;;
;-4.943472;-81.215556;;;;;;;;;;;;;;;;;;
;-4.973194;-81.18;;;;;;;;;;;;;;;;;;
;-12.010694;-77.303333;;;;;;;;;;;;;;;;;;
;-12.047917;-77.304167;;;;;;;;;;;;;;;;;;
;-12.074306;-77.270833;;;;;;;;;;;;;;;;;;
;-12.01375;-77.266389;;;;;;;;;;;;;;;;;;
;-12.027083;-77.258333;;;;;;;;;;;;;;;;;;
;-12.332917;-76.964444;;;;;;;;;;;;;;;;;;
;-12.370694;-76.895278;;;;;;;;;;;;;;;;;;
;-12.438194;-76.851389;;;;;;;;;;;;;;;;;;
;-12.389861;-76.889722;;;;;;;;;;;;;;;;;;
;-12.232917;-77.122222;;;;;;;;;;;;;;;;;;
;-12.280694;-77.116389;;;;;;;;;;;;;;;;;;
;-12.207361;-77.167222;;;;;;;;;;;;;;;;;;
;-11.853194;-77.420278;;;;;;;;;;;;;;;;;;
;-11.775139;-77.357778;;;;;;;;;;;;;;;;;;
;-11.658194;-77.343333;;;;;;;;;;;;;;;;;;
;-11.677361;-77.334722;;;;;;;;;;;;;;;;;;
;-9.100417;-78.695278;;;;;;;;;;;;;;;;;;
;-9.083194;-78.689722;;;;;;;;;;;;;;;;;;
;-9.099306;-78.6875;;;;;;;;;;;;;;;;;;
;-8.991528;-78.724444;;;;;;;;;;;;;;;;;;
;-9.062083;-78.7375;;;;;;;;;;;;;;;;;;
;-9.125972;-78.682778;;;;;;;;;;;;;;;;;;
;-8.925139;-78.761389;;;;;;;;;;;;;;;;;;
;-8.931806;-78.764167;;;;;;;;;;;;;;;;;;
;-8.947917;-78.774167;;;;;;;;;;;;;;;;;;
;-9.142639;-78.700556;;;;;;;;;;;;;;;;;;
;-9.20375;-78.669444;;;;;;;;;;;;;;;;;;
;-9.223472;-78.666111;;;;;;;;;;;;;;;;;;
;-9.124028;-78.679444;;;;;;;;;;;;;;;;;;
;-8.989583;-78.725;;;;;;;;;;;;;;;;;;
;-9.071806;-78.731944;;;;;;;;;;;;;;;;;;
;-9.122917;-78.709444;;;;;;;;;;;;;;;;;;
;-9.120417;-78.685556;;;;;;;;;;;;;;;;;;
;-9.145417;-78.693611;;;;;;;;;;;;;;;;;;
;-8.990417;-78.7375;;;;;;;;;;;;;;;;;;
;-8.923472;-78.785556;;;;;;;;;;;;;;;;;;
;-8.891806;-78.818056;;;;;;;;;;;;;;;;;;
;-8.935972;-78.768611;;;;;;;;;;;;;;;;;;
;-9.128472;-78.697778;;;;;;;;;;;;;;;;;;
;-9.163194;-78.679167;;;;;;;;;;;;;;;;;;
;-9.147917;-78.7;;;;;;;;;;;;;;;;;;
;-9.116806;-78.744167;;;;;;;;;;;;;;;;;;
;-8.87625;-78.767778;;;;;;;;;;;;;;;;;;
;-8.947917;-78.7675;;;;;;;;;;;;;;;;;;
;-8.950972;-78.784722;;;;;;;;;;;;;;;;;;
;-9.067917;-78.778333;;;;;;;;;;;;;;;;;;
;-4.959306;-81.211944;;;;;;;;;;;;;;;;;;
;-4.965694;-81.211667;;;;;;;;;;;;;;;;;;
;-4.967361;-81.158056;;;;;;;;;;;;;;;;;;
;-4.986528;-81.159722;;;;;;;;;;;;;;;;;;
;-4.971806;-81.190278;;;;;;;;;;;;;;;;;;
;-4.997361;-81.175278;;;;;;;;;;;;;;;;;;
;-4.990139;-81.163333;;;;;;;;;;;;;;;;;;
;-4.976806;-81.185278;;;;;;;;;;;;;;;;;;
;-4.995972;-81.155;;;;;;;;;;;;;;;;;;
;-5.002639;-81.179444;;;;;;;;;;;;;;;;;;
;-4.998472;-81.161667;;;;;;;;;;;;;;;;;;
;-4.934028;-81.208611;;;;;;;;;;;;;;;;;;
;-4.970417;-81.192778;;;;;;;;;;;;;;;;;;
;-4.993194;-81.167778;;;;;;;;;;;;;;;;;;
;-4.936528;-81.2725;;;;;;;;;;;;;;;;;;
;-5.000139;-81.163611;;;;;;;;;;;;;;;;;;
;-5.010139;-81.166944;;;;;;;;;;;;;;;;;;
;-4.997361;-81.140556;;;;;;;;;;;;;;;;;;
;-9.0944;-78.706599;;;;;;;;;;;;;;;;;;
;-9.0937;-78.7037;;;;;;;;;;;;;;;;;;
;-8.9492;-78.8036;;;;;;;;;;;;;;;;;;
;-8.8464;-78.8219;;;;;;;;;;;;;;;;;;
;-8.9257;-78.756599;;;;;;;;;;;;;;;;;;
;-9.1878;-78.662699;;;;;;;;;;;;;;;;;;
;-4.97125;-81.212778;;;;;;;;;;;;;;;;;;
;-4.976806;-81.184722;;;;;;;;;;;;;;;;;;
;-4.996806;-81.185;;;;;;;;;;;;;;;;;;
;-4.940417;-81.235;;;;;;;;;;;;;;;;;;
;-4.927639;-81.239722;;;;;;;;;;;;;;;;;;
;-4.953472;-81.180833;;;;;;;;;;;;;;;;;;
;-4.974583;-81.162222;;;;;;;;;;;;;;;;;;
;-4.995694;-81.153611;;;;;;;;;;;;;;;;;;
;-4.982917;-81.173889;;;;;;;;;;;;;;;;;;
;-4.955972;-81.196389;;;;;;;;;;;;;;;;;;
;-4.936528;-81.1825;;;;;;;;;;;;;;;;;;
;-4.959306;-81.1725;;;;;;;;;;;;;;;;;;
;-4.981806;-81.158333;;;;;;;;;;;;;;;;;;
;-4.926806;-81.232778;;;;;;;;;;;;;;;;;;
;-4.966806;-81.163889;;;;;;;;;;;;;;;;;;
;-4.975139;-81.170278;;;;;;;;;;;;;;;;;;
;-4.918472;-81.246389;;;;;;;;;;;;;;;;;;
;-4.972083;-81.202222;;;;;;;;;;;;;;;;;;
;-4.99875;-81.166111;;;;;;;;;;;;;;;;;;
;-4.952083;-81.222778;;;;;;;;;;;;;;;;;;
;-4.940417;-81.230556;;;;;;;;;;;;;;;;;;
;-4.952917;-81.181667;;;;;;;;;;;;;;;;;;
;-5.000417;-81.170278;;;;;;;;;;;;;;;;;;
;-4.997639;-81.155556;;;;;;;;;;;;;;;;;;
;-5.001528;-81.178889;;;;;;;;;;;;;;;;;;
;-4.999583;-81.156111;;;;;;;;;;;;;;;;;;
;-4.930139;-81.246111;;;;;;;;;;;;;;;;;;
;-4.962917;-81.177778;;;;;;;;;;;;;;;;;;
;-5.012361;-81.185833;;;;;;;;;;;;;;;;;;
;-4.992361;-81.169444;;;;;;;;;;;;;;;;;;
;-4.991528;-81.168889;;;;;;;;;;;;;;;;;;
;-4.997361;-81.216944;;;;;;;;;;;;;;;;;;
;-4.987083;-81.171111;;;;;;;;;;;;;;;;;;
;-4.989583;-81.173333;;;;;;;;;;;;;;;;;;
;-4.970139;-81.238611;;;;;;;;;;;;;;;;;;
;-4.954028;-81.215;;;;;;;;;;;;;;;;;;
;-4.949028;-81.246944;;;;;;;;;;;;;;;;;;
;-4.977083;-81.194444;;;;;;;;;;;;;;;;;;
;-5.00125;-81.178889;;;;;;;;;;;;;;;;;;
;-12.042083;-77.307778;;;;;;;;;;;;;;;;;;
;-12.071806;-77.352222;;;;;;;;;;;;;;;;;;
;-12.086528;-77.335556;;;;;;;;;;;;;;;;;;
;-12.085417;-77.2975;;;;;;;;;;;;;;;;;;
;-12.064583;-77.307778;;;;;;;;;;;;;;;;;;
;-12.055972;-77.338333;;;;;;;;;;;;;;;;;;
;-12.034583;-77.340833;;;;;;;;;;;;;;;;;;
;-11.979028;-77.285;;;;;;;;;;;;;;;;;;
;-12.047639;-77.264444;;;;;;;;;;;;;;;;;;
;-12.064583;-77.269722;;;;;;;;;;;;;;;;;;
;-12.05125;-77.268889;;;;;;;;;;;;;;;;;;
;-12.025972;-77.265278;;;;;;;;;;;;;;;;;;
;-12.355139;-77.0175;;;;;;;;;;;;;;;;;;
;-12.334306;-76.959167;;;;;;;;;;;;;;;;;;
;-12.402361;-76.905;;;;;;;;;;;;;;;;;;
;-12.283194;-77.121944;;;;;;;;;;;;;;;;;;
;-12.237361;-77.169722;;;;;;;;;;;;;;;;;;
;-12.262083;-77.123889;;;;;;;;;;;;;;;;;;
;-12.030417;-77.223056;;;;;;;;;;;;;;;;;;
;-4.946528;-81.216389;;;;;;;;;;;;;;;;;;
;-4.952083;-81.186111;;;;;;;;;;;;;;;;;;
;-4.964306;-81.161944;;;;;;;;;;;;;;;;;;
;-4.992083;-81.1525;;;;;;;;;;;;;;;;;;
;-4.994583;-81.173333;;;;;;;;;;;;;;;;;;
;-5.002083;-81.141111;;;;;;;;;;;;;;;;;;
;-5.016806;-81.149722;;;;;;;;;;;;;;;;;;
;-4.970417;-81.188056;;;;;;;;;;;;;;;;;;
;-4.951806;-81.226667;;;;;;;;;;;;;;;;;;
;-4.929861;-81.193889;;;;;;;;;;;;;;;;;;
;-4.965972;-81.169722;;;;;;;;;;;;;;;;;;
;-4.993194;-81.1575;;;;;;;;;;;;;;;;;;
;-4.928194;-81.2225;;;;;;;;;;;;;;;;;;
;-5.013472;-81.154722;;;;;;;;;;;;;;;;;;
;-4.942917;-81.205278;;;;;;;;;;;;;;;;;;
;-4.956528;-81.188333;;;;;;;;;;;;;;;;;;
;-4.952917;-81.2;;;;;;;;;;;;;;;;;;
;-4.959306;-81.174722;;;;;;;;;;;;;;;;;;
;-4.937917;-81.214722;;;;;;;;;;;;;;;;;;
;-4.985417;-81.156944;;;;;;;;;;;;;;;;;;
;-4.91875;-81.234167;;;;;;;;;;;;;;;;;;
;-4.960139;-81.201111;;;;;;;;;;;;;;;;;;
;-4.989861;-81.178611;;;;;;;;;;;;;;;;;;
;-4.965417;-81.206944;;;;;;;;;;;;;;;;;;
;-4.960694;-81.1925;;;;;;;;;;;;;;;;;;
;-4.974583;-81.195556;;;;;;;;;;;;;;;;;;
;-4.99375;-81.155833;;;;;;;;;;;;;;;;;;
;-5.008472;-81.158611;;;;;;;;;;;;;;;;;;
;-4.927361;-81.235;;;;;;;;;;;;;;;;;;
;-5.013194;-81.175;;;;;;;;;;;;;;;;;;
;-5.007361;-81.148889;;;;;;;;;;;;;;;;;;
;-4.984306;-81.188056;;;;;;;;;;;;;;;;;;
;-4.989583;-81.166389;;;;;;;;;;;;;;;;;;
;-5.020417;-81.218611;;;;;;;;;;;;;;;;;;
;-5.011806;-81.212222;;;;;;;;;;;;;;;;;;
;-5.006806;-81.1275;;;;;;;;;;;;;;;;;;
;-5.004861;-81.134167;;;;;;;;;;;;;;;;;;
;-4.997917;-81.1725;;;;;;;;;;;;;;;;;;
;-5.001806;-81.1225;;;;;;;;;;;;;;;;;;
;-5.010139;-81.148333;;;;;;;;;;;;;;;;;;
;-4.952361;-81.213056;;;;;;;;;;;;;;;;;;
;-5.007639;-81.134167;;;;;;;;;;;;;;;;;;
;-4.942639;-81.256944;;;;;;;;;;;;;;;;;;
;-4.933472;-81.203333;;;;;;;;;;;;;;;;;;
;-4.950417;-81.236389;;;;;;;;;;;;;;;;;;
;-5.000139;-81.138611;;;;;;;;;;;;;;;;;;
;-4.99125;-81.192778;;;;;;;;;;;;;;;;;;
;-5.007917;-81.167778;;;;;;;;;;;;;;;;;;
;-4.962917;-81.213611;;;;;;;;;;;;;;;;;;
;-4.989583;-81.162222;;;;;;;;;;;;;;;;;;
;-4.994306;-81.21;;;;;;;;;;;;;;;;;;
;-4.935694;-81.234444;;;;;;;;;;;;;;;;;;
;-4.945139;-81.189444;;;;;;;;;;;;;;;;;;
;-4.940972;-81.219444;;;;;;;;;;;;;;;;;;
;-4.95625;-81.171667;;;;;;;;;;;;;;;;;;
;-5.018194;-81.153889;;;;;;;;;;;;;;;;;;
;-4.992361;-81.155833;;;;;;;;;;;;;;;;;;
;-4.937917;-81.205278;;;;;;;;;;;;;;;;;;
;-4.94375;-81.212778;;;;;;;;;;;;;;;;;;
;-4.932917;-81.223889;;;;;;;;;;;;;;;;;;
;-4.924861;-81.246944;;;;;;;;;;;;;;;;;;
;-4.933194;-81.241944;;;;;;;;;;;;;;;;;;
;-5.012917;-81.209444;;;;;;;;;;;;;;;;;;
;-4.989583;-81.192778;;;;;;;;;;;;;;;;;;
;-5.017083;-81.215556;;;;;;;;;;;;;;;;;;
;-5.000139;-81.220833;;;;;;;;;;;;;;;;;;
;-5.014306;-81.189444;;;;;;;;;;;;;;;;;;
;-4.980694;-81.16;;;;;;;;;;;;;;;;;;
;-4.995139;-81.171667;;;;;;;;;;;;;;;;;;
;-4.979028;-81.178333;;;;;;;;;;;;;;;;;;
;-5.000139;-81.186111;;;;;;;;;;;;;;;;;;
;-5.012361;-81.213611;;;;;;;;;;;;;;;;;;
;-5.012917;-81.155556;;;;;;;;;;;;;;;;;;
;-9.106528;-78.691667;;;;;;;;;;;;;;;;;;
;-9.110417;-78.683889;;;;;;;;;;;;;;;;;;
;-9.092639;-78.697222;;;;;;;;;;;;;;;;;;
;-9.090139;-78.695556;;;;;;;;;;;;;;;;;;
;-9.096806;-78.698056;;;;;;;;;;;;;;;;;;
;-9.090139;-78.710833;;;;;;;;;;;;;;;;;;
;-9.089306;-78.71;;;;;;;;;;;;;;;;;;
;-8.899306;-78.789444;;;;;;;;;;;;;;;;;;
;-8.936528;-78.77;;;;;;;;;;;;;;;;;;
;-8.944861;-78.778056;;;;;;;;;;;;;;;;;;
;-9.1501;-78.6646;;;;;;;;;;;;;;;;;;
;-9.162;-78.6675;;;;;;;;;;;;;;;;;;
;-4.9451;-81.2137;;;;;;;;;;;;;;;;;;
;-4.9879;-81.1965;;;;;;;;;;;;;;;;;;
;-4.9771;-81.2144;;;;;;;;;;;;;;;;;;
;-4.9728;-81.168099;;;;;;;;;;;;;;;;;;
;-4.9882;-81.1861;;;;;;;;;;;;;;;;;;
;-5.0058;-81.1802;;;;;;;;;;;;;;;;;;
;-4.9738;-81.1961;;;;;;;;;;;;;;;;;;
;-4.9868;-81.1703;;;;;;;;;;;;;;;;;;
;-4.996;-81.1968;;;;;;;;;;;;;;;;;;
;-4.95;-81.2219;;;;;;;;;;;;;;;;;;
;-4.9382;-81.2185;;;;;;;;;;;;;;;;;;
;-4.9255;-81.231699;;;;;;;;;;;;;;;;;;
;-4.9371;-81.202499;;;;;;;;;;;;;;;;;;
;-4.9379;-81.216999;;;;;;;;;;;;;;;;;;
;-4.9651;-81.173999;;;;;;;;;;;;;;;;;;
;-4.9873;-81.1669;;;;;;;;;;;;;;;;;;
;-4.977;-81.2123;;;;;;;;;;;;;;;;;;
;-4.9436;-81.1994;;;;;;;;;;;;;;;;;;
;-4.9205;-81.2545;;;;;;;;;;;;;;;;;;
;-4.9639;-81.2146;;;;;;;;;;;;;;;;;;
;-4.9574;-81.216999;;;;;;;;;;;;;;;;;;
;-5.0004;-81.152899;;;;;;;;;;;;;;;;;;
;-5.0004;-81.1619;;;;;;;;;;;;;;;;;;
;-4.9349;-81.244899;;;;;;;;;;;;;;;;;;
;-4.9376;-81.2422;;;;;;;;;;;;;;;;;;
;-4.974;-81.1895;;;;;;;;;;;;;;;;;;
;-5.0182;-81.161;;;;;;;;;;;;;;;;;;
;-4.991;-81.1895;;;;;;;;;;;;;;;;;;
;-4.987;-81.1676;;;;;;;;;;;;;;;;;;
;-5.0042;-81.204299;;;;;;;;;;;;;;;;;;
;-4.9823;-81.189799;;;;;;;;;;;;;;;;;;
;-4.9957;-81.183699;;;;;;;;;;;;;;;;;;
;-5.003;-81.1664;;;;;;;;;;;;;;;;;;
;-5.0232;-81.2187;;;;;;;;;;;;;;;;;;
;-4.9944;-81.2251;;;;;;;;;;;;;;;;;;
;-5.0049;-81.166499;;;;;;;;;;;;;;;;;;
;-4.9771;-81.225;;;;;;;;;;;;;;;;;;
;-4.9997;-81.202499;;;;;;;;;;;;;;;;;;
;-4.9648;-81.231699;;;;;;;;;;;;;;;;;;
;-4.9993;-81.1892;;;;;;;;;;;;;;;;;;
;-4.9366;-81.276799;;;;;;;;;;;;;;;;;;
;-4.9364;-81.2585;;;;;;;;;;;;;;;;;;
;-4.9686;-81.2375;;;;;;;;;;;;;;;;;;
;-4.9464;-81.206;;;;;;;;;;;;;;;;;;
;-5.0265;-81.2294;;;;;;;;;;;;;;;;;;
;-4.9953;-81.1893;;;;;;;;;;;;;;;;;;
;-5.007;-81.153399;;;;;;;;;;;;;;;;;;
;-5.0028;-81.222199;;;;;;;;;;;;;;;;;;
;-4.9907;-81.204299;;;;;;;;;;;;;;;;;;
;-4.9575;-81.204099;;;;;;;;;;;;;;;;;;
;-4.9738;-81.1947;;;;;;;;;;;;;;;;;;
;-4.9919;-81.150699;;;;;;;;;;;;;;;;;;
;-4.9944;-81.185099;;;;;;;;;;;;;;;;;;
;-4.9456;-81.205499;;;;;;;;;;;;;;;;;;
;-4.9332;-81.2078;;;;;;;;;;;;;;;;;;
;-4.9632;-81.187799;;;;;;;;;;;;;;;;;;
;-4.996;-81.152899;;;;;;;;;;;;;;;;;;
;-4.9282;-81.2122;;;;;;;;;;;;;;;;;;
;-4.9676;-81.209299;;;;;;;;;;;;;;;;;;
;-4.9911;-81.1652;;;;;;;;;;;;;;;;;;
;-4.99;-81.1918;;;;;;;;;;;;;;;;;;
;-5.0017;-81.168299;;;;;;;;;;;;;;;;;;
;-4.941;-81.267999;;;;;;;;;;;;;;;;;;
;-4.9922;-81.1437;;;;;;;;;;;;;;;;;;
;-4.9975;-81.1762;;;;;;;;;;;;;;;;;;
;-4.9846;-81.198199;;;;;;;;;;;;;;;;;;
;-4.9963;-81.147899;;;;;;;;;;;;;;;;;;
;-4.9767;-81.2135;;;;;;;;;;;;;;;;;;
;-5.0069;-81.1465;;;;;;;;;;;;;;;;;;
;-9.084861;-78.695;;;;;;;;;;;;;;;;;;
;-9.085972;-78.713056;;;;;;;;;;;;;;;;;;
;-9.122639;-78.681667;;;;;;;;;;;;;;;;;;
;-9.155694;-78.684444;;;;;;;;;;;;;;;;;;
;-9.145139;-78.690833;;;;;;;;;;;;;;;;;;
;-8.942083;-78.766667;;;;;;;;;;;;;;;;;;
;-9.127917;-78.695556;;;;;;;;;;;;;;;;;;
;-9.160694;-78.697222;;;;;;;;;;;;;;;;;;
;-9.220972;-78.655278;;;;;;;;;;;;;;;;;;
;-5.690139;-80.939167;;;;;;;;;;;;;;;;;;
;-5.698472;-80.939722;;;;;;;;;;;;;;;;;;
;-5.69625;-80.938333;;;;;;;;;;;;;;;;;;
;-5.714028;-80.953056;;;;;;;;;;;;;;;;;;
;-5.676806;-80.9725;;;;;;;;;;;;;;;;;;
;-5.714306;-80.951667;;;;;;;;;;;;;;;;;;
;-5.699861;-80.941111;;;;;;;;;;;;;;;;;;
;-5.681528;-80.933611;;;;;;;;;;;;;;;;;;
;-5.69625;-80.936111;;;;;;;;;;;;;;;;;;
;-5.70375;-80.941389;;;;;;;;;;;;;;;;;;
;-5.567361;-80.952222;;;;;;;;;;;;;;;;;;
;-5.643472;-80.967778;;;;;;;;;;;;;;;;;;
;-5.692917;-80.952778;;;;;;;;;;;;;;;;;;
;-5.572083;-81.012222;;;;;;;;;;;;;;;;;;
;-5.680139;-80.984722;;;;;;;;;;;;;;;;;;
;-5.680417;-80.944167;;;;;;;;;;;;;;;;;;
;-4.955417;-81.229444;;;;;;;;;;;;;;;;;;
;-4.955417;-81.208333;;;;;;;;;;;;;;;;;;
;-4.995417;-81.164722;;;;;;;;;;;;;;;;;;
;-4.95875;-81.173889;;;;;;;;;;;;;;;;;;
;-4.997083;-81.157222;;;;;;;;;;;;;;;;;;
;-4.992917;-81.185556;;;;;;;;;;;;;;;;;;
;-5.011806;-81.157222;;;;;;;;;;;;;;;;;;
;-4.930139;-81.211111;;;;;;;;;;;;;;;;;;
;-5.016528;-81.151667;;;;;;;;;;;;;;;;;;
;-4.994861;-81.198333;;;;;;;;;;;;;;;;;;
;-4.99375;-81.191667;;;;;;;;;;;;;;;;;;
;-4.984028;-81.172222;;;;;;;;;;;;;;;;;;
;-4.935972;-81.271389;;;;;;;;;;;;;;;;;;
;-4.969583;-81.168056;;;;;;;;;;;;;;;;;;
;-9.084583;-78.698889;;;;;;;;;;;;;;;;;;
;-9.130694;-78.686389;;;;;;;;;;;;;;;;;;
;-9.132083;-78.695833;;;;;;;;;;;;;;;;;;
;-4.954583;-81.206944;;;;;;;;;;;;;;;;;;
;-4.951806;-81.225;;;;;;;;;;;;;;;;;;
;-4.994306;-81.165833;;;;;;;;;;;;;;;;;;
;-4.986806;-81.22;;;;;;;;;;;;;;;;;;
;-4.988472;-81.1875;;;;;;;;;;;;;;;;;;
;-5.016528;-81.165;;;;;;;;;;;;;;;;;;
;-4.952083;-81.221111;;;;;;;;;;;;;;;;;;
;-4.927361;-81.194444;;;;;;;;;;;;;;;;;;
;-4.913194;-81.242778;;;;;;;;;;;;;;;;;;
;-4.996528;-81.162778;;;;;;;;;;;;;;;;;;
;-4.946528;-81.195;;;;;;;;;;;;;;;;;;
;-4.953194;-81.195833;;;;;;;;;;;;;;;;;;
;-4.945417;-81.21;;;;;;;;;;;;;;;;;;
;-4.92375;-81.240833;;;;;;;;;;;;;;;;;;
;-4.961806;-81.193056;;;;;;;;;;;;;;;;;;
;-4.994028;-81.156389;;;;;;;;;;;;;;;;;;
;-5.000417;-81.150278;;;;;;;;;;;;;;;;;;
;-5.018194;-81.183333;;;;;;;;;;;;;;;;;;
;-4.993472;-81.163056;;;;;;;;;;;;;;;;;;
;-4.994028;-81.163889;;;;;;;;;;;;;;;;;;
;-5.012361;-81.129722;;;;;;;;;;;;;;;;;;
;-5.018194;-81.168056;;;;;;;;;;;;;;;;;;
;-5.001528;-81.194444;;;;;;;;;;;;;;;;;;
;-5.010417;-81.168611;;;;;;;;;;;;;;;;;;
;-4.99125;-81.206667;;;;;;;;;;;;;;;;;;
;-9.135972;-78.686111;;;;;;;;;;;;;;;;;;
;-9.037917;-78.741389;;;;;;;;;;;;;;;;;;
;-9.094028;-78.723056;;;;;;;;;;;;;;;;;;
;-9.116528;-78.693333;;;;;;;;;;;;;;;;;;
;-9.15625;-78.691389;;;;;;;;;;;;;;;;;;
;-8.944861;-78.797222;;;;;;;;;;;;;;;;;;
;-8.944306;-78.768333;;;;;;;;;;;;;;;;;;
;-8.945972;-78.785;;;;;;;;;;;;;;;;;;
;-9.130694;-78.700833;;;;;;;;;;;;;;;;;;
;-9.205139;-78.671111;;;;;;;;;;;;;;;;;;
;-9.219306;-78.658889;;;;;;;;;;;;;;;;;;
;-9.096806;-78.754444;;;;;;;;;;;;;;;;;;
;-4.930694;-81.239167;;;;;;;;;;;;;;;;;;
;-4.961528;-81.216667;;;;;;;;;;;;;;;;;;
;-4.975417;-81.223333;;;;;;;;;;;;;;;;;;
;-4.989028;-81.1775;;;;;;;;;;;;;;;;;;
;-4.942917;-81.228889;;;;;;;;;;;;;;;;;;
;-4.97375;-81.170556;;;;;;;;;;;;;;;;;;
;-4.912361;-81.250556;;;;;;;;;;;;;;;;;;
;-4.994861;-81.168889;;;;;;;;;;;;;;;;;;
;-5.004028;-81.153611;;;;;;;;;;;;;;;;;;
;-4.972083;-81.195278;;;;;;;;;;;;;;;;;;
;-4.965417;-81.181944;;;;;;;;;;;;;;;;;;
;-4.947639;-81.203333;;;;;;;;;;;;;;;;;;
;-4.967639;-81.167778;;;;;;;;;;;;;;;;;;
;-9.08875;-78.698333;;;;;;;;;;;;;;;;;;
;-9.109583;-78.685556;;;;;;;;;;;;;;;;;;
;-9.112361;-78.700556;;;;;;;;;;;;;;;;;;
;-9.092083;-78.711389;;;;;;;;;;;;;;;;;;
;-9.01125;-78.728611;;;;;;;;;;;;;;;;;;
;-9.090972;-78.724722;;;;;;;;;;;;;;;;;;
;-9.122361;-78.686111;;;;;;;;;;;;;;;;;;
;-9.151528;-78.691111;;;;;;;;;;;;;;;;;;
;-9.159028;-78.686111;;;;;;;;;;;;;;;;;;
;-8.937639;-78.793333;;;;;;;;;;;;;;;;;;
;-9.063194;-78.781111;;;;;;;;;;;;;;;;;;
;-8.880417;-78.822222;;;;;;;;;;;;;;;;;;
;-8.940139;-78.768889;;;;;;;;;;;;;;;;;;
;-9.12875;-78.704167;;;;;;;;;;;;;;;;;;
;-9.145694;-78.7025;;;;;;;;;;;;;;;;;;
;-9.217083;-78.658889;;;;;;;;;;;;;;;;;;
;-9.146806;-78.718889;;;;;;;;;;;;;;;;;;
;-9.119306;-78.74;;;;;;;;;;;;;;;;;;
;-9.092639;-78.756111;;;;;;;;;;;;;;;;;;
;-4.999028;-81.163889;;;;;;;;;;;;;;;;;;
;-4.929306;-81.192222;;;;;;;;;;;;;;;;;;
;-4.911806;-81.238333;;;;;;;;;;;;;;;;;;
;-4.969583;-81.164444;;;;;;;;;;;;;;;;;;
;-4.923472;-81.240833;;;;;;;;;;;;;;;;;;
;-4.962917;-81.1725;;;;;;;;;;;;;;;;;;
;-4.992083;-81.154722;;;;;;;;;;;;;;;;;;
;-5.007361;-81.174444;;;;;;;;;;;;;;;;;;
;-4.937361;-81.214722;;;;;;;;;;;;;;;;;;
;-5.015417;-81.188333;;;;;;;;;;;;;;;;;;
;-4.995139;-81.166667;;;;;;;;;;;;;;;;;;
;-5.014028;-81.130833;;;;;;;;;;;;;;;;;;
;-4.99375;-81.181389;;;;;;;;;;;;;;;;;;
;-4.934028;-81.2725;;;;;;;;;;;;;;;;;;
;-4.995139;-81.161667;;;;;;;;;;;;;;;;;;
;-5.009583;-81.158056;;;;;;;;;;;;;;;;;;
;-4.993472;-81.205556;;;;;;;;;;;;;;;;;;
;-5.008472;-81.149444;;;;;;;;;;;;;;;;;;
;-4.952639;-81.220556;;;;;;;;;;;;;;;;;;
;-4.950139;-81.231389;;;;;;;;;;;;;;;;;;
;-4.965139;-81.207222;;;;;;;;;;;;;;;;;;
;-4.964583;-81.211944;;;;;;;;;;;;;;;;;;
;-4.992917;-81.153889;;;;;;;;;;;;;;;;;;
;-4.978472;-81.217778;;;;;;;;;;;;;;;;;;
;-5.004306;-81.167778;;;;;;;;;;;;;;;;;;
;-4.916806;-81.239722;;;;;;;;;;;;;;;;;;
;-5.000694;-81.163889;;;;;;;;;;;;;;;;;;
;-5.00125;-81.154167;;;;;;;;;;;;;;;;;;
;-4.987917;-81.19;;;;;;;;;;;;;;;;;;
;-4.950417;-81.198333;;;;;;;;;;;;;;;;;;
;-4.984028;-81.158889;;;;;;;;;;;;;;;;;;
;-4.954028;-81.213611;;;;;;;;;;;;;;;;;;
;-4.959861;-81.195;;;;;;;;;;;;;;;;;;
;-4.974861;-81.176111;;;;;;;;;;;;;;;;;;
;-4.95375;-81.220556;;;;;;;;;;;;;;;;;;
;-4.988194;-81.171944;;;;;;;;;;;;;;;;;;
;-4.987639;-81.186667;;;;;;;;;;;;;;;;;;
;-5.005417;-81.145278;;;;;;;;;;;;;;;;;;
;-4.934028;-81.238333;;;;;;;;;;;;;;;;;;
;-4.994306;-81.165833;;;;;;;;;;;;;;;;;;
;-5.012639;-81.127222;;;;;;;;;;;;;;;;;;
;-4.994583;-81.188611;;;;;;;;;;;;;;;;;;
;-4.967639;-81.211111;;;;;;;;;;;;;;;;;;
;-4.975417;-81.175278;;;;;;;;;;;;;;;;;;
;-4.928472;-81.269444;;;;;;;;;;;;;;;;;;
;-4.979583;-81.165833;;;;;;;;;;;;;;;;;;
;-5.000694;-81.1875;;;;;;;;;;;;;;;;;;
;-4.982917;-81.160278;;;;;;;;;;;;;;;;;;
;-4.999306;-81.167222;;;;;;;;;;;;;;;;;;
;-5.643472;-80.961944;;;;;;;;;;;;;;;;;;
;-5.694028;-80.9325;;;;;;;;;;;;;;;;;;
;-5.71125;-80.94;;;;;;;;;;;;;;;;;;
;-5.702917;-80.943333;;;;;;;;;;;;;;;;;;
;-5.690694;-80.935556;;;;;;;;;;;;;;;;;;
;-5.717083;-80.946944;;;;;;;;;;;;;;;;;;
;-13.568472;-76.334167;;;;;;;;;;;;;;;;;;
;-13.552639;-76.331667;;;;;;;;;;;;;;;;;;
;-13.724028;-76.337222;;;;;;;;;;;;;;;;;;
;-13.702639;-76.313889;;;;;;;;;;;;;;;;;;
;-13.69375;-76.297778;;;;;;;;;;;;;;;;;;
;-13.72625;-76.310556;;;;;;;;;;;;;;;;;;
;-13.727361;-76.305556;;;;;;;;;;;;;;;;;;
;-13.680417;-76.355556;;;;;;;;;;;;;;;;;;
;-13.687917;-76.368333;;;;;;;;;;;;;;;;;;
;-13.685417;-76.343611;;;;;;;;;;;;;;;;;;
;-13.687917;-76.344167;;;;;;;;;;;;;;;;;;
;-5.701528;-80.938056;;;;;;;;;;;;;;;;;;
;-5.672917;-80.985278;;;;;;;;;;;;;;;;;;
;-5.719306;-80.947222;;;;;;;;;;;;;;;;;;
;-5.689583;-80.933889;;;;;;;;;;;;;;;;;;
;-5.577917;-80.9525;;;;;;;;;;;;;;;;;;
;-5.714306;-80.944167;;;;;;;;;;;;;;;;;;
;-5.704306;-80.980556;;;;;;;;;;;;;;;;;;
;-5.704306;-80.936667;;;;;;;;;;;;;;;;;;
;-5.512639;-80.972222;;;;;;;;;;;;;;;;;;
;-5.735139;-80.950556;;;;;;;;;;;;;;;;;;
;-5.705972;-80.958889;;;;;;;;;;;;;;;;;;
;-5.684583;-80.936944;;;;;;;;;;;;;;;;;;
;-5.690139;-80.938333;;;;;;;;;;;;;;;;;;
;-5.725972;-80.959167;;;;;;;;;;;;;;;;;;
;-5.712639;-80.948056;;;;;;;;;;;;;;;;;;
;-5.707361;-80.936111;;;;;;;;;;;;;;;;;;
;-5.697083;-80.935556;;;;;;;;;;;;;;;;;;
;-5.66875;-80.948333;;;;;;;;;;;;;;;;;;
;-5.670972;-80.938333;;;;;;;;;;;;;;;;;;
;-4.949583;-81.223333;;;;;;;;;;;;;;;;;;
;-5.001806;-81.196667;;;;;;;;;;;;;;;;;;
;-5.010972;-81.147222;;;;;;;;;;;;;;;;;;
;-4.97375;-81.209444;;;;;;;;;;;;;;;;;;
;-4.992917;-81.151944;;;;;;;;;;;;;;;;;;
;-4.991528;-81.181389;;;;;;;;;;;;;;;;;;
;-5.005139;-81.164444;;;;;;;;;;;;;;;;;;
;-5.019861;-81.169167;;;;;;;;;;;;;;;;;;
;-4.992361;-81.197778;;;;;;;;;;;;;;;;;;
;-4.954583;-81.209722;;;;;;;;;;;;;;;;;;
;-4.997639;-81.156667;;;;;;;;;;;;;;;;;;
;-4.943472;-81.205833;;;;;;;;;;;;;;;;;;
;-4.964861;-81.186667;;;;;;;;;;;;;;;;;;
;-4.951528;-81.2;;;;;;;;;;;;;;;;;;
;-4.968194;-81.169722;;;;;;;;;;;;;;;;;;
;-4.985972;-81.159167;;;;;;;;;;;;;;;;;;
;-4.948194;-81.196944;;;;;;;;;;;;;;;;;;
;-4.978472;-81.189167;;;;;;;;;;;;;;;;;;
;-4.97375;-81.183333;;;;;;;;;;;;;;;;;;
;-4.986528;-81.183056;;;;;;;;;;;;;;;;;;
;-4.997917;-81.1625;;;;;;;;;;;;;;;;;;
;-4.999861;-81.177778;;;;;;;;;;;;;;;;;;
;-5.005694;-81.158056;;;;;;;;;;;;;;;;;;
;-4.932917;-81.244722;;;;;;;;;;;;;;;;;;
;-4.936528;-81.218889;;;;;;;;;;;;;;;;;;
;-5.01875;-81.182222;;;;;;;;;;;;;;;;;;
;-4.995694;-81.161389;;;;;;;;;;;;;;;;;;
;-4.997361;-81.198333;;;;;;;;;;;;;;;;;;
;-4.987639;-81.191389;;;;;;;;;;;;;;;;;;
;-4.999861;-81.178889;;;;;;;;;;;;;;;;;;
;-5.006806;-81.214722;;;;;;;;;;;;;;;;;;
;-5.004028;-81.191667;;;;;;;;;;;;;;;;;;
;-4.979028;-81.147222;;;;;;;;;;;;;;;;;;
;-4.932083;-81.265833;;;;;;;;;;;;;;;;;;
;-4.98625;-81.1675;;;;;;;;;;;;;;;;;;
;-4.99625;-81.1625;;;;;;;;;;;;;;;;;;
;-4.999583;-81.1725;;;;;;;;;;;;;;;;;;
;-4.987361;-81.196667;;;;;;;;;;;;;;;;;;
;-4.999861;-81.152222;;;;;;;;;;;;;;;;;;
;-5.000417;-81.150556;;;;;;;;;;;;;;;;;;
;-4.932917;-81.236111;;;;;;;;;;;;;;;;;;
;-4.969306;-81.2075;;;;;;;;;;;;;;;;;;
;-4.974583;-81.212778;;;;;;;;;;;;;;;;;;
;-4.986806;-81.195278;;;;;;;;;;;;;;;;;;
;-4.992361;-81.211667;;;;;;;;;;;;;;;;;;
;-4.999583;-81.163889;;;;;;;;;;;;;;;;;;
;-4.94625;-81.2;;;;;;;;;;;;;;;;;;
;-4.924861;-81.242778;;;;;;;;;;;;;;;;;;
;-4.944861;-81.195556;;;;;;;;;;;;;;;;;;
;-4.967083;-81.166389;;;;;;;;;;;;;;;;;;
;-4.934028;-81.206667;;;;;;;;;;;;;;;;;;
;-4.925417;-81.235833;;;;;;;;;;;;;;;;;;
;-4.970139;-81.171944;;;;;;;;;;;;;;;;;;
;-4.978472;-81.178611;;;;;;;;;;;;;;;;;;
;-4.986528;-81.158611;;;;;;;;;;;;;;;;;;
;-5.002083;-81.150278;;;;;;;;;;;;;;;;;;
;-4.935417;-81.245833;;;;;;;;;;;;;;;;;;
;-4.939028;-81.218333;;;;;;;;;;;;;;;;;;
;-4.967361;-81.178333;;;;;;;;;;;;;;;;;;
;-4.951806;-81.222222;;;;;;;;;;;;;;;;;;
;-4.975417;-81.185833;;;;;;;;;;;;;;;;;;
;-4.991528;-81.1675;;;;;;;;;;;;;;;;;;
;-5.009028;-81.209167;;;;;;;;;;;;;;;;;;
;-5.016806;-81.222222;;;;;;;;;;;;;;;;;;
;-5.00125;-81.201667;;;;;;;;;;;;;;;;;;
;-4.943194;-81.218333;;;;;;;;;;;;;;;;;;
;-4.972083;-81.17;;;;;;;;;;;;;;;;;;
;-9.07625;-78.695;;;;;;;;;;;;;;;;;;
;-9.146528;-78.671667;;;;;;;;;;;;;;;;;;
;-9.093472;-78.704167;;;;;;;;;;;;;;;;;;
;-9.116806;-78.690556;;;;;;;;;;;;;;;;;;
;-9.095972;-78.6925;;;;;;;;;;;;;;;;;;
;-9.088194;-78.7175;;;;;;;;;;;;;;;;;;
;-9.149028;-78.691667;;;;;;;;;;;;;;;;;;
;-9.130417;-78.679167;;;;;;;;;;;;;;;;;;
;-9.139583;-78.6825;;;;;;;;;;;;;;;;;;
;-9.127361;-78.679722;;;;;;;;;;;;;;;;;;
;-8.98625;-78.731111;;;;;;;;;;;;;;;;;;
;-8.946528;-78.800833;;;;;;;;;;;;;;;;;;
;-8.911528;-78.788333;;;;;;;;;;;;;;;;;;
;-8.940694;-78.797222;;;;;;;;;;;;;;;;;;
;-8.949028;-78.760833;;;;;;;;;;;;;;;;;;
;-9.127639;-78.703889;;;;;;;;;;;;;;;;;;
;-9.152361;-78.698056;;;;;;;;;;;;;;;;;;
;-9.177083;-78.694167;;;;;;;;;;;;;;;;;;
;-9.20125;-78.669444;;;;;;;;;;;;;;;;;;
;-9.214861;-78.660278;;;;;;;;;;;;;;;;;;
;-9.145694;-78.760833;;;;;;;;;;;;;;;;;;
;-9.137917;-78.709444;;;;;;;;;;;;;;;;;;
;-9.111806;-78.749167;;;;;;;;;;;;;;;;;;
;-5.692639;-80.936667;;;;;;;;;;;;;;;;;;
;-5.632083;-80.975833;;;;;;;;;;;;;;;;;;
;-5.699306;-80.973611;;;;;;;;;;;;;;;;;;
;-5.674306;-80.935278;;;;;;;;;;;;;;;;;;
;-5.67875;-80.934167;;;;;;;;;;;;;;;;;;
;-5.685417;-80.946389;;;;;;;;;;;;;;;;;;
;-5.690694;-80.930278;;;;;;;;;;;;;;;;;;
;-5.572361;-80.952222;;;;;;;;;;;;;;;;;;
;-5.649306;-80.941111;;;;;;;;;;;;;;;;;;
;-5.67125;-80.943056;;;;;;;;;;;;;;;;;;
;-5.705694;-80.939167;;;;;;;;;;;;;;;;;;
;-5.591528;-80.960556;;;;;;;;;;;;;;;;;;
;-5.491806;-80.979444;;;;;;;;;;;;;;;;;;
;-5.485417;-80.984722;;;;;;;;;;;;;;;;;;
;-5.692917;-80.945556;;;;;;;;;;;;;;;;;;
;-5.681806;-80.942778;;;;;;;;;;;;;;;;;;
;-5.640139;-80.953889;;;;;;;;;;;;;;;;;;
;-5.666528;-80.889444;;;;;;;;;;;;;;;;;;
;-5.71125;-80.946389;;;;;;;;;;;;;;;;;;
;-9.1195;-78.683299;;;;;;;;;;;;;;;;;;
;-9.1052;-78.6909;;;;;;;;;;;;;;;;;;
;-9.0961;-78.7251;;;;;;;;;;;;;;;;;;
;-9.1266;-78.6872;;;;;;;;;;;;;;;;;;
;-9.1758;-78.670999;;;;;;;;;;;;;;;;;;
;-8.9481;-78.7706;;;;;;;;;;;;;;;;;;
;-9.1036;-78.685;;;;;;;;;;;;;;;;;;
;-9.1029;-78.6926;;;;;;;;;;;;;;;;;;
;-9.0437;-78.7379;;;;;;;;;;;;;;;;;;
;-9.131;-78.6977;;;;;;;;;;;;;;;;;;
;-9.1251;-78.6877;;;;;;;;;;;;;;;;;;
;-9.1557;-78.6754;;;;;;;;;;;;;;;;;;
;-9.0962;-78.689599;;;;;;;;;;;;;;;;;;
;-8.9501;-78.8047;;;;;;;;;;;;;;;;;;
;-8.8347;-78.829;;;;;;;;;;;;;;;;;;
;-8.9451;-78.7851;;;;;;;;;;;;;;;;;;
;-9.1432;-78.6859;;;;;;;;;;;;;;;;;;
;-9.132361;-78.696667;;;;;;;;;;;;;;;;;;
;-9.117917;-78.685278;;;;;;;;;;;;;;;;;;
;-9.080694;-78.73;;;;;;;;;;;;;;;;;;
;-9.142361;-78.696111;;;;;;;;;;;;;;;;;;
;-12.041806;-77.309722;;;;;;;;;;;;;;;;;;
;-12.064583;-77.353333;;;;;;;;;;;;;;;;;;
;-12.067639;-77.326389;;;;;;;;;;;;;;;;;;
;-12.061806;-77.332778;;;;;;;;;;;;;;;;;;
;-11.967639;-77.286111;;;;;;;;;;;;;;;;;;
;-12.060139;-77.261111;;;;;;;;;;;;;;;;;;
;-11.993194;-77.293889;;;;;;;;;;;;;;;;;;
;-12.39125;-76.996667;;;;;;;;;;;;;;;;;;
;-12.320972;-77.042778;;;;;;;;;;;;;;;;;;
;-12.315417;-76.949722;;;;;;;;;;;;;;;;;;
;-12.33375;-76.958611;;;;;;;;;;;;;;;;;;
;-12.399583;-76.879722;;;;;;;;;;;;;;;;;;
;-12.444583;-76.856389;;;;;;;;;;;;;;;;;;
;-12.43625;-76.865278;;;;;;;;;;;;;;;;;;
;-12.200139;-77.159167;;;;;;;;;;;;;;;;;;
;-12.257639;-77.134444;;;;;;;;;;;;;;;;;;
;-12.265417;-77.131389;;;;;;;;;;;;;;;;;;
;-12.249861;-77.136389;;;;;;;;;;;;;;;;;;
;-12.028194;-77.230556;;;;;;;;;;;;;;;;;;
;-12.030417;-77.224722;;;;;;;;;;;;;;;;;;
;-11.671806;-77.329167;;;;;;;;;;;;;;;;;;
;-9.0831;-78.6918;;;;;;;;;;;;;;;;;;
;-9.0869;-78.712699;;;;;;;;;;;;;;;;;;
;-4.935694;-81.236111;;;;;;;;;;;;;;;;;;
;-5.004306;-81.1425;;;;;;;;;;;;;;;;;;
;-4.994028;-81.175556;;;;;;;;;;;;;;;;;;
;-4.999583;-81.163056;;;;;;;;;;;;;;;;;;
;-4.946806;-81.19;;;;;;;;;;;;;;;;;;
;-4.926806;-81.235556;;;;;;;;;;;;;;;;;;
;-4.957917;-81.174722;;;;;;;;;;;;;;;;;;
;-5.014306;-81.152778;;;;;;;;;;;;;;;;;;
;-4.947639;-81.218056;;;;;;;;;;;;;;;;;;
;-4.984028;-81.158889;;;;;;;;;;;;;;;;;;
;-4.929583;-81.244167;;;;;;;;;;;;;;;;;;
;-4.995139;-81.158056;;;;;;;;;;;;;;;;;;
;-4.95375;-81.210833;;;;;;;;;;;;;;;;;;
;-4.992083;-81.182222;;;;;;;;;;;;;;;;;;
;-5.00125;-81.2;;;;;;;;;;;;;;;;;;
;-5.001528;-81.190278;;;;;;;;;;;;;;;;;;
;-4.997639;-81.173611;;;;;;;;;;;;;;;;;;
;-4.994861;-81.2225;;;;;;;;;;;;;;;;;;
;-5.007639;-81.132222;;;;;;;;;;;;;;;;;;
;-4.977361;-81.152778;;;;;;;;;;;;;;;;;;
;-4.940139;-81.219722;;;;;;;;;;;;;;;;;;
;-4.954583;-81.195833;;;;;;;;;;;;;;;;;;
;-4.950417;-81.248889;;;;;;;;;;;;;;;;;;
;-4.980694;-81.156944;;;;;;;;;;;;;;;;;;
;-9.0907;-78.7004;;;;;;;;;;;;;;;;;;
;-9.1286;-78.6779;;;;;;;;;;;;;;;;;;
;-9.1058;-78.7036;;;;;;;;;;;;;;;;;;
;-9.0809;-78.7287;;;;;;;;;;;;;;;;;;
;-9.1313;-78.7024;;;;;;;;;;;;;;;;;;
;-9.1381;-78.680099;;;;;;;;;;;;;;;;;;
;-9.1702;-78.6807;;;;;;;;;;;;;;;;;;
;-8.9635;-78.812;;;;;;;;;;;;;;;;;;
;-8.939;-78.79;;;;;;;;;;;;;;;;;;
;-8.9477;-78.775399;;;;;;;;;;;;;;;;;;
;-9.1628;-78.675099;;;;;;;;;;;;;;;;;;
;-9.1679;-78.680799;;;;;;;;;;;;;;;;;;
;-9.2231;-78.6655;;;;;;;;;;;;;;;;;;
;-9.1473;-78.762099;;;;;;;;;;;;;;;;;;
;-4.9883;-81.2002;;;;;;;;;;;;;;;;;;
;-5.0012;-81.1668;;;;;;;;;;;;;;;;;;
;-5.0122;-81.172399;;;;;;;;;;;;;;;;;;
;-4.9983;-81.154;;;;;;;;;;;;;;;;;;
;-4.9225;-81.249599;;;;;;;;;;;;;;;;;;
;-4.9709;-81.176899;;;;;;;;;;;;;;;;;;
;-4.997;-81.162399;;;;;;;;;;;;;;;;;;
;-5.0016;-81.179199;;;;;;;;;;;;;;;;;;
;-5.0066;-81.1598;;;;;;;;;;;;;;;;;;
;-4.93;-81.2502;;;;;;;;;;;;;;;;;;
;-4.9486;-81.220599;;;;;;;;;;;;;;;;;;
;-4.9632;-81.178099;;;;;;;;;;;;;;;;;;
;-4.9785;-81.1788;;;;;;;;;;;;;;;;;;
;-4.9598;-81.23;;;;;;;;;;;;;;;;;;
;-4.9764;-81.2205;;;;;;;;;;;;;;;;;;
;-4.9726;-81.177599;;;;;;;;;;;;;;;;;;
;-5.0131;-81.177399;;;;;;;;;;;;;;;;;;
;-5.0084;-81.1592;;;;;;;;;;;;;;;;;;
;-5.0078;-81.1691;;;;;;;;;;;;;;;;;;
;-4.9822;-81.1716;;;;;;;;;;;;;;;;;;
;-9.087083;-78.700556;;;;;;;;;;;;;;;;;;
;-9.091806;-78.693611;;;;;;;;;;;;;;;;;;
;-9.137083;-78.688889;;;;;;;;;;;;;;;;;;
;-9.110694;-78.698611;;;;;;;;;;;;;;;;;;
;-9.087083;-78.686389;;;;;;;;;;;;;;;;;;
;-9.120694;-78.681944;;;;;;;;;;;;;;;;;;
;-9.093472;-78.697778;;;;;;;;;;;;;;;;;;
;-9.074306;-78.730556;;;;;;;;;;;;;;;;;;
;-9.111806;-78.707222;;;;;;;;;;;;;;;;;;
;-9.149028;-78.683333;;;;;;;;;;;;;;;;;;
;-8.914583;-78.789444;;;;;;;;;;;;;;;;;;
;-8.84375;-78.825;;;;;;;;;;;;;;;;;;
;-8.926806;-78.762222;;;;;;;;;;;;;;;;;;
;-8.942361;-78.791389;;;;;;;;;;;;;;;;;;
;-9.127083;-78.699167;;;;;;;;;;;;;;;;;;
;-9.140417;-78.7;;;;;;;;;;;;;;;;;;
;-9.165417;-78.699167;;;;;;;;;;;;;;;;;;
;-9.086528;-78.694722;;;;;;;;;;;;;;;;;;
;-9.099028;-78.706389;;;;;;;;;;;;;;;;;;
;-9.083472;-78.727222;;;;;;;;;;;;;;;;;;
;-9.14375;-78.688611;;;;;;;;;;;;;;;;;;
;-9.073194;-78.712222;;;;;;;;;;;;;;;;;;
;-8.949861;-78.804444;;;;;;;;;;;;;;;;;;
;-8.829583;-78.8275;;;;;;;;;;;;;;;;;;
;-8.939861;-78.769167;;;;;;;;;;;;;;;;;;
;-9.158194;-78.674722;;;;;;;;;;;;;;;;;;
;-9.16125;-78.698611;;;;;;;;;;;;;;;;;;
;-4.9355;-81.241699;;;;;;;;;;;;;;;;;;
;-4.9777;-81.211799;;;;;;;;;;;;;;;;;;
;-4.9859;-81.2148;;;;;;;;;;;;;;;;;;
;-4.9239;-81.191899;;;;;;;;;;;;;;;;;;
;-5.001;-81.1782;;;;;;;;;;;;;;;;;;
;-4.94;-81.235099;;;;;;;;;;;;;;;;;;
;-4.9304;-81.209;;;;;;;;;;;;;;;;;;
;-4.9475;-81.1823;;;;;;;;;;;;;;;;;;
;-4.9853;-81.190499;;;;;;;;;;;;;;;;;;
;-4.953;-81.1895;;;;;;;;;;;;;;;;;;
;-4.955;-81.1804;;;;;;;;;;;;;;;;;;
;-4.9159;-81.2513;;;;;;;;;;;;;;;;;;
;-5.006;-81.173;;;;;;;;;;;;;;;;;;
;-4.9413;-81.205199;;;;;;;;;;;;;;;;;;
;-4.9185;-81.232599;;;;;;;;;;;;;;;;;;
;-4.9386;-81.220899;;;;;;;;;;;;;;;;;;
;-9.126528;-78.681111;;;;;;;;;;;;;;;;;;
;-9.10375;-78.700556;;;;;;;;;;;;;;;;;;
;-9.097639;-78.706111;;;;;;;;;;;;;;;;;;
;-9.127917;-78.689167;;;;;;;;;;;;;;;;;;
;-8.920139;-78.783333;;;;;;;;;;;;;;;;;;
;-9.202917;-78.668611;;;;;;;;;;;;;;;;;;
;-9.015139;-78.829722;;;;;;;;;;;;;;;;;;
;-9.009306;-78.778056;;;;;;;;;;;;;;;;;;
;-9.095139;-78.6975;;;;;;;;;;;;;;;;;;
;-9.128472;-78.677222;;;;;;;;;;;;;;;;;;
;-9.104861;-78.689444;;;;;;;;;;;;;;;;;;
;-9.110972;-78.685;;;;;;;;;;;;;;;;;;
;-9.109583;-78.686389;;;;;;;;;;;;;;;;;;
;-8.983194;-78.725556;;;;;;;;;;;;;;;;;;
;-9.10625;-78.715;;;;;;;;;;;;;;;;;;
;-8.920139;-78.785;;;;;;;;;;;;;;;;;;
;-8.915417;-78.787222;;;;;;;;;;;;;;;;;;
;-8.862639;-78.815278;;;;;;;;;;;;;;;;;;
;-8.947639;-78.774167;;;;;;;;;;;;;;;;;;
;-9.120694;-78.695;;;;;;;;;;;;;;;;;;
;-9.13125;-78.701944;;;;;;;;;;;;;;;;;;
;-9.144583;-78.699444;;;;;;;;;;;;;;;;;;
;-9.167917;-78.6975;;;;;;;;;;;;;;;;;;
;-12.077639;-77.268889;;;;;;;;;;;;;;;;;;
;-11.985972;-77.295278;;;;;;;;;;;;;;;;;;
;-12.045972;-77.269722;;;;;;;;;;;;;;;;;;
;-12.087639;-77.262222;;;;;;;;;;;;;;;;;;
;-12.063472;-77.258611;;;;;;;;;;;;;;;;;;
;-12.001806;-77.281944;;;;;;;;;;;;;;;;;;
;-12.029028;-77.269444;;;;;;;;;;;;;;;;;;
;-12.386528;-76.936389;;;;;;;;;;;;;;;;;;
;-12.349861;-76.9525;;;;;;;;;;;;;;;;;;
;-12.404306;-76.905833;;;;;;;;;;;;;;;;;;
;-12.389861;-76.902222;;;;;;;;;;;;;;;;;;
;-12.381806;-76.901389;;;;;;;;;;;;;;;;;;
;-12.431528;-76.867222;;;;;;;;;;;;;;;;;;
;-12.386806;-76.917222;;;;;;;;;;;;;;;;;;
;-12.310417;-77.035556;;;;;;;;;;;;;;;;;;
;-12.285972;-77.111111;;;;;;;;;;;;;;;;;;
;-12.270694;-77.109444;;;;;;;;;;;;;;;;;;
;-9.1229;-78.682399;;;;;;;;;;;;;;;;;;
;-9.1062;-78.6958;;;;;;;;;;;;;;;;;;
;-9.055;-78.7386;;;;;;;;;;;;;;;;;;
;-9.083;-78.711799;;;;;;;;;;;;;;;;;;
;-9.1459;-78.6847;;;;;;;;;;;;;;;;;;
;-9.1642;-78.689399;;;;;;;;;;;;;;;;;;
;-9.1216;-78.686399;;;;;;;;;;;;;;;;;;
;-9.1419;-78.6806;;;;;;;;;;;;;;;;;;
;-9.151;-78.682799;;;;;;;;;;;;;;;;;;
;-8.84;-78.8299;;;;;;;;;;;;;;;;;;
;-8.9291;-78.7577;;;;;;;;;;;;;;;;;;
;-8.9413;-78.791099;;;;;;;;;;;;;;;;;;
;-9.1257;-78.7094;;;;;;;;;;;;;;;;;;
;-11.9123;-77.2986;;;;;;;;;;;;;;;;;;
;-12.0497;-77.322799;;;;;;;;;;;;;;;;;;
;-12.091;-77.3415;;;;;;;;;;;;;;;;;;
;-12.0759;-77.3034;;;;;;;;;;;;;;;;;;
;-12.0186;-77.336799;;;;;;;;;;;;;;;;;;
;-11.9809;-77.3;;;;;;;;;;;;;;;;;;
;-12.0482;-77.2628;;;;;;;;;;;;;;;;;;
;-12.0469;-77.264;;;;;;;;;;;;;;;;;;
;-12.3628;-77.0113;;;;;;;;;;;;;;;;;;
;-12.3958;-76.9827;;;;;;;;;;;;;;;;;;
;-12.4079;-76.8956;;;;;;;;;;;;;;;;;;
;-12.3918;-76.899999;;;;;;;;;;;;;;;;;;
;-12.3428;-77.047399;;;;;;;;;;;;;;;;;;
;-12.3208;-77.014;;;;;;;;;;;;;;;;;;
;-12.2826;-77.111699;;;;;;;;;;;;;;;;;;
;-12.2548;-77.1055;;;;;;;;;;;;;;;;;;
;-11.9464;-77.199099;;;;;;;;;;;;;;;;;;
;-12.034;-77.216999;;;;;;;;;;;;;;;;;;
;-9.092361;-78.689444;;;;;;;;;;;;;;;;;;
;-9.091806;-78.707222;;;;;;;;;;;;;;;;;;
;-8.941528;-78.808611;;;;;;;;;;;;;;;;;;
;-9.087361;-78.690833;;;;;;;;;;;;;;;;;;
;-9.088194;-78.685833;;;;;;;;;;;;;;;;;;
;-9.104583;-78.693889;;;;;;;;;;;;;;;;;;
;-9.07625;-78.724167;;;;;;;;;;;;;;;;;;
;-8.914583;-78.790556;;;;;;;;;;;;;;;;;;
;-9.146528;-78.678611;;;;;;;;;;;;;;;;;;
;-9.146528;-78.695556;;;;;;;;;;;;;;;;;;
;-9.154583;-78.694722;;;;;;;;;;;;;;;;;;
;-5.630417;-80.977222;;;;;;;;;;;;;;;;;;
;-5.65625;-80.941111;;;;;;;;;;;;;;;;;;
;-5.68875;-80.931944;;;;;;;;;;;;;;;;;;
;-5.69625;-80.9825;;;;;;;;;;;;;;;;;;
;-5.688194;-80.927222;;;;;;;;;;;;;;;;;;
;-5.574583;-80.951944;;;;;;;;;;;;;;;;;;
;-5.650972;-80.946111;;;;;;;;;;;;;;;;;;
;-5.682639;-80.948056;;;;;;;;;;;;;;;;;;
;-5.708194;-80.933056;;;;;;;;;;;;;;;;;;
;-5.506806;-80.9725;;;;;;;;;;;;;;;;;;
;-5.512361;-80.970556;;;;;;;;;;;;;;;;;;
;-5.737917;-80.950556;;;;;;;;;;;;;;;;;;
;-5.484306;-80.985556;;;;;;;;;;;;;;;;;;
;-5.685972;-80.9425;;;;;;;;;;;;;;;;;;
;-5.624583;-80.958611;;;;;;;;;;;;;;;;;;
;-5.69625;-80.9325;;;;;;;;;;;;;;;;;;
;-5.682361;-80.939722;;;;;;;;;;;;;;;;;;
;-5.694583;-80.946111;;;;;;;;;;;;;;;;;;
;-5.69125;-80.936389;;;;;;;;;;;;;;;;;;
;-5.698194;-80.933889;;;;;;;;;;;;;;;;;;
;-5.690417;-80.942778;;;;;;;;;;;;;;;;;;
;-5.699861;-80.935556;;;;;;;;;;;;;;;;;;
;-5.70875;-80.9325;;;;;;;;;;;;;;;;;;
;-5.708194;-80.935278;;;;;;;;;;;;;;;;;;
;-5.677917;-80.936944;;;;;;;;;;;;;;;;;;
;-5.689306;-80.981389;;;;;;;;;;;;;;;;;;
;-5.667083;-80.940833;;;;;;;;;;;;;;;;;;
;-5.68125;-80.933333;;;;;;;;;;;;;;;;;;
;-5.627361;-80.982222;;;;;;;;;;;;;;;;;;
;-5.700694;-80.938333;;;;;;;;;;;;;;;;;;
;-5.672917;-80.950833;;;;;;;;;;;;;;;;;;
;-9.08875;-78.697778;;;;;;;;;;;;;;;;;;
;-9.090417;-78.689722;;;;;;;;;;;;;;;;;;
;-9.120694;-78.6825;;;;;;;;;;;;;;;;;;
;-9.115139;-78.691944;;;;;;;;;;;;;;;;;;
;-9.09125;-78.723333;;;;;;;;;;;;;;;;;;
;-9.150694;-78.688889;;;;;;;;;;;;;;;;;;
;-9.122361;-78.684444;;;;;;;;;;;;;;;;;;
;-9.164028;-78.672222;;;;;;;;;;;;;;;;;;
;-8.96125;-78.792778;;;;;;;;;;;;;;;;;;
;-9.042917;-78.771111;;;;;;;;;;;;;;;;;;
;-9.044861;-78.7125;;;;;;;;;;;;;;;;;;
;-8.819028;-78.831389;;;;;;;;;;;;;;;;;;
;-8.926528;-78.759444;;;;;;;;;;;;;;;;;;
;-8.943194;-78.7875;;;;;;;;;;;;;;;;;;
;-9.144306;-78.69;;;;;;;;;;;;;;;;;;
;-9.17625;-78.681944;;;;;;;;;;;;;;;;;;
;-4.959306;-81.205;;;;;;;;;;;;;;;;;;
;-4.992083;-81.166111;;;;;;;;;;;;;;;;;;
;-5.014583;-81.1325;;;;;;;;;;;;;;;;;;
;-5.003194;-81.150556;;;;;;;;;;;;;;;;;;
;-4.96375;-81.217222;;;;;;;;;;;;;;;;;;
;-4.995139;-81.156111;;;;;;;;;;;;;;;;;;
;-4.98375;-81.216389;;;;;;;;;;;;;;;;;;
;-4.997083;-81.165833;;;;;;;;;;;;;;;;;;
;-5.003194;-81.163611;;;;;;;;;;;;;;;;;;
;-5.015972;-81.135278;;;;;;;;;;;;;;;;;;
;-4.928194;-81.227778;;;;;;;;;;;;;;;;;;
;-4.950139;-81.190278;;;;;;;;;;;;;;;;;;
;-4.913194;-81.242222;;;;;;;;;;;;;;;;;;
;-4.948472;-81.187778;;;;;;;;;;;;;;;;;;
;-5.000417;-81.166667;;;;;;;;;;;;;;;;;;
;-5.006806;-81.147222;;;;;;;;;;;;;;;;;;
;-4.934028;-81.211944;;;;;;;;;;;;;;;;;;
;-4.970417;-81.190278;;;;;;;;;;;;;;;;;;
;-4.930139;-81.232222;;;;;;;;;;;;;;;;;;
;-4.949861;-81.175278;;;;;;;;;;;;;;;;;;
;-4.970139;-81.165;;;;;;;;;;;;;;;;;;
;-4.933194;-81.220833;;;;;;;;;;;;;;;;;;
;-4.970694;-81.190556;;;;;;;;;;;;;;;;;;
;-4.995139;-81.161389;;;;;;;;;;;;;;;;;;
;-4.964861;-81.219444;;;;;;;;;;;;;;;;;;
;-4.945694;-81.226389;;;;;;;;;;;;;;;;;;
;-4.960139;-81.189444;;;;;;;;;;;;;;;;;;
;-4.944861;-81.188611;;;;;;;;;;;;;;;;;;
;-4.944861;-81.225278;;;;;;;;;;;;;;;;;;
;-5.012917;-81.124722;;;;;;;;;;;;;;;;;;
;-4.992361;-81.188333;;;;;;;;;;;;;;;;;;
;-4.996806;-81.168333;;;;;;;;;;;;;;;;;;
;-5.019028;-81.131389;;;;;;;;;;;;;;;;;;
;-4.975972;-81.164444;;;;;;;;;;;;;;;;;;
;-5.02125;-81.144722;;;;;;;;;;;;;;;;;;
;-5.018472;-81.1625;;;;;;;;;;;;;;;;;;
;-4.992083;-81.208333;;;;;;;;;;;;;;;;;;
;-4.986806;-81.166944;;;;;;;;;;;;;;;;;;
;-4.954583;-81.209444;;;;;;;;;;;;;;;;;;
;-4.970417;-81.220556;;;;;;;;;;;;;;;;;;
;-5.010694;-81.173333;;;;;;;;;;;;;;;;;;
;-9.096806;-78.702222;;;;;;;;;;;;;;;;;;
;-9.089583;-78.695;;;;;;;;;;;;;;;;;;
;-9.069306;-78.735833;;;;;;;;;;;;;;;;;;
;-9.133472;-78.698611;;;;;;;;;;;;;;;;;;
;-9.122639;-78.692222;;;;;;;;;;;;;;;;;;
;-9.162639;-78.681944;;;;;;;;;;;;;;;;;;
;-8.948194;-78.808056;;;;;;;;;;;;;;;;;;
;-9.064028;-78.779444;;;;;;;;;;;;;;;;;;
;-8.944583;-78.7675;;;;;;;;;;;;;;;;;;
;-9.166528;-78.675833;;;;;;;;;;;;;;;;;;
;-9.172639;-78.6925;;;;;;;;;;;;;;;;;;
;-9.200972;-78.667222;;;;;;;;;;;;;;;;;;
;-9.220694;-78.661389;;;;;;;;;;;;;;;;;;
;-9.14625;-78.715;;;;;;;;;;;;;;;;;;
;-9.121806;-78.737778;;;;;;;;;;;;;;;;;;
